Number Of Executions, Total Milliseconds,  Milliseconds per execution, Type
     1,     53,    53.00, "FreeMarkerIterationOperation.render(/reports/templates/source.ftl, MANIFEST_MF.23.html)"
     1,      0,     0.00, "Query.fromType(org.jboss.windup.rules.apps.javaee.model.DataSourceModel).gremlin().has(isXA,EQUALS,false).as(default)"
     1,      2,     2.00, "Query.fromType(org.jboss.windup.rules.apps.java.model.JarArchiveModel).gremlin().has(fileName,REGEX,.*hibernate.*\.jar$).as(default)"
     1,      0,     0.00, "Query.fromType(org.jboss.windup.reporting.model.TechnologyTagModel).gremlin().has(name,EQUALS,Spring Scheduled).as(default)"
     1,      0,     0.00, "Query.fromType(org.jboss.windup.reporting.model.TechnologyTagModel).gremlin().has(name,EQUALS,Derby Driver).as(default)"
     1,      0,     0.00, "Query.fromType(org.jboss.windup.reporting.model.TechnologyTagModel).gremlin().has(name,EQUALS,Istio).as(default)"
     1,      0,     0.00, "Query.fromType(org.jboss.windup.reporting.model.TechnologyTagModel).gremlin().has(name,EQUALS,Akka Testkit).as(default)"
     1,      0,     0.00, "Query.fromType(org.jboss.windup.reporting.model.TechnologyTagModel).gremlin().has(name,EQUALS,iLog).as(default)"
     1,     84,    84.00, sortDependencyGroupArchivesByPathAscending
     1,      0,     0.00, "Query.fromType(org.jboss.windup.reporting.model.TechnologyTagModel).gremlin().has(name,EQUALS,RabbitMQ Client).as(default)"
     1,    195,   195.00, "FreeMarkerIterationOperation.render(/reports/templates/dependency_report.ftl, dependency_report_SUBTIC_Bloq_ear.html)"
     2,      0,     0.00, "Query.fromType(org.jboss.windup.rules.apps.javaee.model.DataSourceModel).gremlin().has(isXA,EQUALS,true).as(default)"
     1,     45,    45.00, "FreeMarkerIterationOperation.render(/reports/templates/source.ftl, MANIFEST_MF.63.html)"
     1,     86,    86.00, "FreeMarkerIterationOperation.render(/reports/templates/source.ftl, FuncionarioController_java.html)"
     1,      0,     0.00, "Query.fromType(org.jboss.windup.reporting.model.TechnologyTagModel).gremlin().has(name,EQUALS,PrimeFaces).as(default)"
     1,      0,     0.00, "Query.fromType(org.jboss.windup.reporting.model.TechnologyTagModel).gremlin().has(name,EQUALS,Clustering Web Session).as(default)"
     1,      0,     0.00, "Query.fromType(org.jboss.windup.reporting.model.TechnologyTagModel).gremlin().has(name,EQUALS,DbUnit).as(default)"
     1,     88,    88.00, "FreeMarkerIterationOperation.render(/reports/templates/source.ftl, SSAPropertyTag_java.html)"
   832,    739,     0.89, "TypeReferenceService.createTypeReference(fileModel,location,lineNumber,columnNumber,length,source)"
     1,      0,     0.00, "Query.fromType(org.jboss.windup.rules.apps.java.model.WindupJavaConfigurationModel).gremlin().has(classNotFoundAnalysisEnabled,EQUALS,true).as(default)"
     1,      0,     0.00, "Query.fromType(org.jboss.windup.reporting.model.TechnologyTagModel).gremlin().has(name,EQUALS,Cactus).as(default)"
     1,     72,    72.00, "FreeMarkerIterationOperation.render(/reports/templates/source.ftl, Mensagem_java.72.html)"
     1,      0,     0.00, "Query.fromType(org.jboss.windup.reporting.model.TechnologyTagModel).gremlin().has(name,EQUALS,SubCut).as(default)"
     1,      0,     0.00, "Query.fromType(org.jboss.windup.reporting.model.TechnologyTagModel).gremlin().has(name,EQUALS,TieFaces).as(default)"
     1,      0,     0.00, "Query.fromType(org.jboss.windup.reporting.model.TechnologyTagModel).gremlin().has(name,EQUALS,SNMP4J).as(default)"
     1,      0,     0.00, "Query.fromType(org.jboss.windup.reporting.model.TechnologyTagModel).gremlin().has(name,EQUALS,Test Interface).as(default)"
     1,      0,     0.00, "Query.fromType(org.jboss.windup.reporting.model.TechnologyTagModel).gremlin().has(name,EQUALS,JSON-B).as(default)"
     1,      0,     0.00, "Query.fromType(org.jboss.windup.reporting.model.TechnologyTagModel).gremlin().has(name,EQUALS,Apache Shiro).as(default)"
     1,      0,     0.00, "Query.fromType(org.jboss.windup.reporting.model.TechnologyTagModel).gremlin().has(name,EQUALS,Zbus Client).as(default)"
     1,      0,     0.00, "Query.fromType(org.jboss.windup.reporting.model.TechnologyTagModel).gremlin().has(name,EQUALS,Apache Geronimo).as(default)"
     1,      0,     0.00, "Query.fromType(org.jboss.windup.reporting.model.TechnologyTagModel).gremlin().has(name,EQUALS,Unitils).as(default)"
     2,    315,   157.50, sortTechUsageStats
     1,      0,     0.00, "Query.fromType(org.jboss.windup.reporting.model.TechnologyTagModel).gremlin().has(name,EQUALS,Orion Web XML).as(default)"
     1,     33,    33.00, "FreeMarkerIterationOperation.render(/reports/templates/source.ftl, pom_properties.34.html)"
     1,      0,     0.00, "Query.fromType(org.jboss.windup.reporting.model.TechnologyTagModel).gremlin().has(name,EQUALS,H2 Driver).as(default)"
     1,      0,     0.00, "Query.fromType(org.jboss.windup.reporting.model.TechnologyTagModel).gremlin().has(name,EQUALS,tinylog).as(default)"
     1,      0,     0.00, "Query.fromType(org.jboss.windup.reporting.model.TechnologyTagModel).gremlin().has(name,EQUALS,Resource Adapter).as(default)"
     1,     46,    46.00, "FreeMarkerIterationOperation.render(/reports/templates/source.ftl, pom_properties.42.html)"
     1,      0,     0.00, "Query.fromType(org.jboss.windup.reporting.model.TechnologyTagModel).gremlin().has(name,EQUALS,Hibernate OGM).as(default)"
     1,     66,    66.00, "FreeMarkerIterationOperation.render(/reports/templates/source.ftl, MANIFEST_MF.4.html)"
     1,      0,     0.00, "Query.fromType(org.jboss.windup.reporting.model.TechnologyTagModel).gremlin().has(name,EQUALS,Logback).as(default)"
     1,      0,     0.00, "Query.fromType(org.jboss.windup.reporting.model.TechnologyTagModel).gremlin().has(name,EQUALS,Trunk JGuard).as(default)"
     1,     97,    97.00, "FreeMarkerIterationOperation.render(/reports/templates/about_windup.ftl, about_global.html)"
     1,    565,   565.00, "FreeMarkerIterationOperation.render(/reports/templates/migration-issues.ftl, migration_issues.html)"
     1,     65,    65.00, "FreeMarkerIterationOperation.render(/reports/templates/source.ftl, pom_properties.9.html)"
     1,      0,     0.00, Query.fromType(org.jboss.windup.rules.apps.javaee.model.JaxRSWebServiceModel).as(default)
   135,     41,     0.30, abstractGetPrettyPathForFile
     1,      0,     0.00, "Query.fromType(org.jboss.windup.reporting.model.TechnologyTagModel).gremlin().has(name,EQUALS,Handlebars).as(default)"
     1,     75,    75.00, "FreeMarkerIterationOperation.render(/reports/templates/source.ftl, pom_properties.55.html)"
     1,     72,    72.00, "FreeMarkerIterationOperation.render(/reports/templates/source.ftl, pom_properties.15.html)"
     1,      0,     0.00, Query.fromType(org.jboss.windup.graph.model.DuplicateArchiveModel).as(default)
     1,     84,    84.00, "FreeMarkerIterationOperation.render(/reports/templates/source.ftl, DesautorizadoTag_java.html)"
     1,      0,     0.00, "Query.gremlin().has(referenceType,CONTAINS_ANY_TOKEN,[METHOD_CALL]).as(c3ec1916-787b-4514-b200-8895bdc4e235)"
     1,      0,     0.00, "Query.fromType(org.jboss.windup.reporting.model.TechnologyTagModel).gremlin().has(name,EQUALS,Kodein).as(default)"
     1,   3604,  3604.00, FernflowerDecompilationOperation.perform
     1,     50,    50.00, "FreeMarkerIterationOperation.render(/reports/templates/source.ftl, pom_properties.61.html)"
     1,     43,    43.00, "FreeMarkerIterationOperation.render(/reports/templates/source.ftl, pom_properties.39.html)"
     1,      0,     0.00, "Query.fromType(org.jboss.windup.reporting.model.TechnologyTagModel).gremlin().has(name,EQUALS,Mixer).as(default)"
     1,      0,     0.00, "Query.fromType(org.jboss.windup.reporting.model.TechnologyTagModel).gremlin().has(name,EQUALS,Kibana).as(default)"
     1,      0,     0.00, "Query.fromType(org.jboss.windup.rules.apps.javaee.model.EjbSessionBeanModel).gremlin().has(sessionType,EQUALS,Stateful).as(default)"
   537,   1357,     2.53, ClassFilePreDecompilationScan.perform()
     2,      0,     0.00, Query.fromType(org.jboss.windup.rules.apps.javaee.model.JspSourceFileModel).as(default)
     1,      0,     0.00, "Query.fromType(org.jboss.windup.reporting.model.TechnologyTagModel).gremlin().has(name,EQUALS,JBoss Web XML).as(default)"
     1,     42,    42.00, "FreeMarkerIterationOperation.render(/reports/templates/source.ftl, VerificadorAcessoInternoExterno_java.html)"
  1227,    256,     0.21, GraphService.findAllByProperty(qualifiedName)
     1,      0,     0.00, Query.fromType(org.jboss.windup.rules.apps.javaee.model.JsfSourceFileModel).as(default)
     1,      0,     0.00, "Query.fromType(org.jboss.windup.reporting.model.TechnologyTagModel).gremlin().has(name,EQUALS,EJB XML).as(default)"
     1,      2,     2.00, "Query.fromType(org.jboss.windup.rules.apps.java.model.JarArchiveModel).gremlin().has(fileName,REGEX,.*jdbc.*\.jar$).as(default)"
     1,      0,     0.00, "Query.fromType(org.jboss.windup.reporting.model.TechnologyTagModel).gremlin().has(name,EQUALS,LevelDB Client).as(default)"
     1,    111,   111.00, getArchiveSHA1ToPathMapper
  3932,    415,     0.11, GraphService.findAllByProperty(filePath)
     1,      0,     0.00, "Query.fromType(org.jboss.windup.reporting.model.TechnologyTagModel).gremlin().has(name,EQUALS,Jukito).as(default)"
     1,      0,     0.00, "Query.fromType(org.jboss.windup.reporting.model.TechnologyTagModel).gremlin().has(name,EQUALS,UberFire).as(default)"
     1,      0,     0.00, "Query.fromType(org.jboss.windup.reporting.model.TechnologyTagModel).gremlin().has(name,EQUALS,Google Guice).as(default)"
     1,      0,     0.00, "Query.fromType(org.jboss.windup.reporting.model.TechnologyTagModel).gremlin().has(name,EQUALS,Nuxeo JTA/JCA).as(default)"
     1,      0,     0.00, "Query.fromType(org.jboss.windup.reporting.model.TechnologyTagModel).gremlin().has(name,EQUALS,JSTL).as(default)"
     1,      1,     1.00, "Query.fromType(org.jboss.windup.rules.apps.java.model.JarArchiveModel).gremlin().has(fileName,REGEX,.*teiid.*\.jar$).as(default)"
     1,      0,     0.00, "Query.fromType(org.jboss.windup.reporting.model.TechnologyTagModel).gremlin().has(name,EQUALS,Servlet).as(default)"
     1,     52,    52.00, "FreeMarkerIterationOperation.render(/reports/templates/source.ftl, messages_properties.html)"
     1,     88,    88.00, getTechnologyTagsForProjectTraversal
     1,     47,    47.00, "FreeMarkerIterationOperation.render(/reports/templates/source.ftl, pom_xml.66.html)"
     1,      0,     0.00, "Query.fromType(org.jboss.windup.reporting.model.TechnologyTagModel).gremlin().has(name,EQUALS,JMockit).as(default)"
     1,      0,     0.00, "Query.fromType(org.jboss.windup.reporting.model.TechnologyTagModel).gremlin().has(name,EQUALS,Apache Karaf).as(default)"
     1,      0,     0.00, "Query.fromType(org.jboss.windup.reporting.model.TechnologyTagModel).gremlin().has(name,EQUALS,OCPsoft Logging Utils).as(default)"
     1,     50,    50.00, "FreeMarkerIterationOperation.render(/reports/templates/dependency_graph.ftl, dependency_graph_report.html)"
     1,      0,     0.00, "Query.fromType(org.jboss.windup.reporting.model.TechnologyTagModel).gremlin().has(name,EQUALS,JFreeChart).as(default)"
     1,     77,    77.00, "FreeMarkerIterationOperation.render(/reports/templates/source.ftl, pom_properties.40.html)"
     1,      0,     0.00, "Query.fromType(org.jboss.windup.reporting.model.TechnologyTagModel).gremlin().has(name,EQUALS,Spring Web).as(default)"
     1,      0,     0.00, "Query.fromType(org.jboss.windup.reporting.model.TechnologyTagModel).gremlin().has(name,EQUALS,Spring JMX).as(default)"
     1,      0,     0.00, "Query.fromType(org.jboss.windup.reporting.model.TechnologyTagModel).gremlin().has(name,EQUALS,RichFaces).as(default)"
     1,      0,     0.00, "Query.fromType(org.jboss.windup.reporting.model.TechnologyTagModel).gremlin().has(name,EQUALS,Spring Data).as(default)"
     1,      0,     0.00, "Query.fromType(org.jboss.windup.reporting.model.TechnologyTagModel).gremlin().has(name,EQUALS,OWASP CSRF Guard).as(default)"
     1,      1,     1.00, Query.fromType(org.jboss.windup.rules.apps.java.model.project.MavenProjectModel).as(default)
     1,      0,     0.00, "Query.fromType(org.jboss.windup.reporting.model.TechnologyTagModel).gremlin().has(name,EQUALS,JCunit).as(default)"
     1,      0,     0.00, Query.fromType(org.jboss.windup.rules.apps.javaee.model.EjbSessionBeanModel).as(default)
     1,     54,    54.00, "FreeMarkerIterationOperation.render(/reports/templates/source.ftl, pom_properties.36.html)"
     1,      0,     0.00, Query.fromType(org.jboss.windup.rules.apps.java.model.JavaSourceFileModel).as(default)
     1,      0,     0.00, "Query.fromType(org.jboss.windup.reporting.model.TechnologyTagModel).gremlin().has(name,EQUALS,Spock).as(default)"
     1,      0,     0.00, "Query.fromType(org.jboss.windup.rules.apps.javaee.model.EjbSessionBeanModel).gremlin().has(sessionType,EQUALS,Stateless).as(default)"
     1,      0,     0.00, "Query.fromType(org.jboss.windup.reporting.model.TechnologyTagModel).gremlin().has(name,EQUALS,Oracle DB Driver).as(default)"
     1,      0,     0.00, "Query.fromType(org.jboss.windup.reporting.model.TechnologyTagModel).gremlin().has(name,EQUALS,Spring Boot).as(default)"
     1,      0,     0.00, "Query.fromType(org.jboss.windup.reporting.model.TechnologyTagModel).gremlin().has(name,EQUALS,WebSphere WS Extension).as(default)"
     1,     53,    53.00, "FreeMarkerIterationOperation.render(/reports/templates/source.ftl, pom_xml.53.html)"
     1,      0,     0.00, "Query.fromType(org.jboss.windup.reporting.model.TechnologyTagModel).gremlin().has(name,EQUALS,Vlad).as(default)"
     1,     56,    56.00, "FreeMarkerIterationOperation.render(/reports/templates/source.ftl, pom_properties.28.html)"
     1,      0,     0.00, "Query.fromType(org.jboss.windup.reporting.model.TechnologyTagModel).gremlin().has(name,EQUALS,Apache Axis).as(default)"
     1,      0,     0.00, "Query.fromType(org.jboss.windup.reporting.model.TechnologyTagModel).gremlin().has(name,EQUALS,Pega).as(default)"
     1,     10,    10.00, "FreeMarkerIterationOperation.render(/reports/templates/jboss/jboss-web.ftl, SUBTIC_Bloq_ear/SUBTIC_Bloq_web_1_0_7_war/jboss-web.xml)"
     1,      0,     0.00, "Query.fromType(org.jboss.windup.reporting.model.TechnologyTagModel).gremlin().has(name,EQUALS,SAML).as(default)"
     1,      0,     0.00, "Query.fromType(org.jboss.windup.reporting.model.TechnologyTagModel).gremlin().has(name,EQUALS,Easy Rules).as(default)"
     1,      0,     0.00, "Query.fromType(org.jboss.windup.reporting.model.TechnologyTagModel).gremlin().has(name,EQUALS,Apache Commons Validator).as(default)"
     1,      0,     0.00, "Query.fromType(org.jboss.windup.reporting.model.TechnologyTagModel).gremlin().has(name,EQUALS,MinLog).as(default)"
     1,      0,     0.00, "Query.fromType(org.jboss.windup.reporting.model.TechnologyTagModel).gremlin().has(name,EQUALS,Logging Utils).as(default)"
     1,     99,    99.00, "FreeMarkerIterationOperation.render(/reports/templates/source.ftl, FuncionarioDAO_java.html)"
     1,      3,     3.00, "Query.fromType(org.jboss.windup.rules.apps.java.model.JarArchiveModel).gremlin().has(fileName,REGEX,jboss-seam.*\.jar$).as(default)"
     1,      0,     0.00, "Query.fromType(org.jboss.windup.reporting.model.TechnologyTagModel).gremlin().has(name,EQUALS,OpenFaces).as(default)"
     1,      0,     0.00, "Query.fromType(org.jboss.windup.reporting.model.TechnologyTagModel).gremlin().has(name,EQUALS,Ka DI).as(default)"
     1,      0,     0.00, "Query.fromType(org.jboss.windup.reporting.model.TechnologyTagModel).gremlin().has(name,EQUALS,WF Core JTA).as(default)"
     1,      2,     2.00, Query.fromType(org.jboss.windup.graph.model.WindupConfigurationModel).gremlin()org.jboss.windup.rules.apps.java.scan.provider.DiscoverFilesAndTypesRuleProvider$$Lambda$418/0x000000080082f040@7586a522.as(default)
     1,      0,     0.00, "Query.fromType(org.jboss.windup.graph.model.WindupConfigurationModel).gremlin().has(csv,EQUALS,true).as(default)"
     1,      0,     0.00, "Query.fromType(org.jboss.windup.reporting.model.TechnologyTagModel).gremlin().has(name,EQUALS,EtlUnit).as(default)"
     1,      0,     0.00, "Query.fromType(org.jboss.windup.reporting.model.TechnologyTagModel).gremlin().has(name,EQUALS,AMQP Client).as(default)"
     1,      0,     0.00, "Query.fromType(org.jboss.windup.reporting.model.TechnologyTagModel).gremlin().has(name,EQUALS,Axion Driver).as(default)"
     1,      0,     0.00, "Query.fromType(org.jboss.windup.reporting.model.TechnologyTagModel).gremlin().has(name,EQUALS,Ignite JTA).as(default)"
     1,      0,     0.00, "Query.fromType(org.jboss.windup.reporting.model.TechnologyTagModel).gremlin().has(name,EQUALS,Infinispan).as(default)"
     1,      0,     0.00, Query.fromType(org.jboss.windup.rules.apps.javaee.model.JmsDestinationModel).as(default)
     1,     76,    76.00, "FreeMarkerIterationOperation.render(/reports/templates/source.ftl, SimpleQuerySample_java.html)"
     1,      0,     0.00, "Query.fromType(org.jboss.windup.reporting.model.TechnologyTagModel).gremlin().has(name,EQUALS,EAR).as(default)"
     1,      2,     2.00, "Query.fromType(org.jboss.windup.rules.apps.java.model.JarArchiveModel).gremlin().has(fileName,REGEX,.*infinispan.*\.jar$).as(default)"
     1,      2,     2.00, "Query.fromType(org.jboss.windup.rules.apps.java.model.JarArchiveModel).gremlin().has(fileName,REGEX,.*swarmcache.*\.jar$).as(default)"
     1,      0,     0.00, "Query.fromType(org.jboss.windup.reporting.model.TechnologyTagModel).gremlin().has(name,EQUALS,Mockito).as(default)"
     1,      0,     0.00, "Query.fromType(org.jboss.windup.reporting.model.TechnologyTagModel).gremlin().has(name,EQUALS,Camunda).as(default)"
     1,     75,    75.00, "FreeMarkerIterationOperation.render(/reports/templates/source.ftl, pom_properties.58.html)"
     1,    552,   552.00, "FreeMarkerIterationOperation.render(/reports/templates/source.ftl, web_xml.html)"
     1,      0,     0.00, "Query.fromType(org.jboss.windup.reporting.model.TechnologyTagModel).gremlin().has(name,EQUALS,Injekt for Kotlin).as(default)"
     1,      0,     0.00, "Query.fromType(org.jboss.windup.reporting.model.TechnologyTagModel).gremlin().has(name,EQUALS,Apache HBase Client).as(default)"
     1,      0,     0.00, "Query.fromType(org.jboss.windup.reporting.model.TechnologyTagModel).gremlin().has(name,EQUALS,3scale).as(default)"
     1,      0,     0.00, "Query.fromType(org.jboss.windup.reporting.model.TechnologyTagModel).gremlin().has(name,EQUALS,NLOG4J).as(default)"
    78,     25,     0.32, "TypeReferenceService.getPackageUseFrequencies(projectModel,nameDepth,recursive)"
     1,      1,     1.00, "Query.fromType(org.jboss.windup.rules.apps.xml.model.XmlFileModel).gremlin().has(fileName,EQUALS,ibm-ejb-jar-ext.xmi).has(rootTagName,EQUALS,EJBJarExtension).as(default)"
     1,      0,     0.00, "Query.fromType(org.jboss.windup.reporting.model.TechnologyTagModel).gremlin().has(name,EQUALS,Neo4j).as(default)"
     1,      0,     0.00, "Query.fromType(org.jboss.windup.reporting.model.TechnologyTagModel).gremlin().has(name,EQUALS,Monolog).as(default)"
     1,      2,     2.00, Query.fromType(org.jboss.windup.rules.apps.java.archives.model.IdentifiedArchiveModel).as(default)
     1,      0,     0.00, "Query.fromType(org.jboss.windup.reporting.model.TechnologyTagModel).gremlin().has(name,EQUALS,MongoDB Client).as(default)"
     1,      0,     0.00, "Query.fromType(org.jboss.windup.reporting.model.TechnologyTagModel).gremlin().has(name,EQUALS,OpenSAML).as(default)"
     1,     94,    94.00, "FreeMarkerIterationOperation.render(/reports/templates/source.ftl, DBExecuteDAO_java.html)"
     1,     66,    66.00, "FreeMarkerIterationOperation.render(/reports/templates/source.ftl, VerificadorRevogacaoBase_java.html)"
    77,      3,     0.04, sortDependencyArchivesByPathAscending
     1,      0,     0.00, "Query.fromType(org.jboss.windup.reporting.model.TechnologyTagModel).gremlin().has(name,EQUALS,Apache Ignite).as(default)"
     1,      0,     0.00, "Query.fromType(org.jboss.windup.reporting.model.TechnologyTagModel).gremlin().has(name,EQUALS,Logstash).as(default)"
     1,      0,     0.00, "Query.fromType(org.jboss.windup.reporting.model.TechnologyTagModel).gremlin().has(name,EQUALS,JAXR).as(default)"
     1,      2,     2.00, "Query.fromType(org.jboss.windup.rules.apps.java.model.JarArchiveModel).gremlin().has(fileName,REGEX,.*jsf-[(api)|(impl)].*\.jar$).as(default)"
     1,      0,     0.00, Query.as(2dd7ad7c-fee3-4ef1-a16e-23bbbfd8d019)
     1,      0,     0.00, "Query.fromType(org.jboss.windup.reporting.model.TechnologyTagModel).gremlin().has(name,EQUALS,BabbageFaces).as(default)"
     1,     53,    53.00, "FreeMarkerIterationOperation.render(/reports/templates/source.ftl, resources_mail_properties.html)"
     1,      4,     4.00, Query.fromType(org.jboss.windup.rules.apps.xml.model.XmlFileModel).as(default)
     1,      0,     0.00, "Query.fromType(org.jboss.windup.reporting.model.TechnologyTagModel).gremlin().has(name,EQUALS,Jetty).as(default)"
    20,      1,     0.05, org.jboss.windup.reporting.config.HasHint
     2,      1,     0.50, "Query.fromType(org.jboss.windup.reporting.model.TechnologyTagModel).gremlin().has(name,EQUALS,CDI).as(default)"
     1,      0,     0.00, "Query.fromType(org.jboss.windup.reporting.model.TechnologyTagModel).gremlin().has(name,EQUALS,JMock).as(default)"
     1,     58,    58.00, "FreeMarkerIterationOperation.render(/reports/templates/source.ftl, FileUtil_java.html)"
     1,     77,    77.00, "FreeMarkerIterationOperation.render(/reports/templates/source.ftl, pom_xml.18.html)"
     1,      0,     0.00, "Query.fromType(org.jboss.windup.reporting.model.TechnologyTagModel).gremlin().has(name,EQUALS,Java Transaction API).as(default)"
     1,      0,     0.00, "Query.fromType(org.jboss.windup.reporting.model.TechnologyTagModel).gremlin().has(name,EQUALS,Talend ESB).as(default)"
     1,      0,     0.00, "Query.fromType(org.jboss.windup.reporting.model.TechnologyTagModel).gremlin().has(name,EQUALS,Specsy).as(default)"
     1,      0,     0.00, "Query.fromType(org.jboss.windup.rules.apps.xml.model.NamespaceMetaModel).gremlin().has(namespaceURI,EQUALS,http://java.sun.com/xml/ns/persistence).as(default)"
     1,      0,     0.00, "Query.fromType(org.jboss.windup.reporting.model.TechnologyTagModel).gremlin().has(name,EQUALS,Twitter Util Logging).as(default)"
     1,      1,     1.00, Query.fromType(org.jboss.windup.rules.apps.javaee.model.CssFileModel).as(default)
     1,      0,     0.00, "Query.fromType(org.jboss.windup.reporting.model.TechnologyTagModel).gremlin().has(name,EQUALS,Apache Axis2).as(default)"
     1,      0,     0.00, "Query.fromType(org.jboss.windup.reporting.model.TechnologyTagModel).gremlin().has(name,EQUALS,Spring Cloud Function).as(default)"
     1,     44,    44.00, "FreeMarkerIterationOperation.render(/reports/templates/source.ftl, message_xhtml.html)"
     1,     65,    65.00, "FreeMarkerIterationOperation.render(/reports/templates/source.ftl, pom_xml.5.html)"
     1,      0,     0.00, "Query.gremlin().has(referenceType,CONTAINS_ANY_TOKEN,[IMPORT]).as(d9eb606e-28cf-43a9-944e-b765be3a61f6)"
     1,      0,     0.00, "Query.fromType(org.jboss.windup.reporting.model.TechnologyTagModel).gremlin().has(name,EQUALS,Apache Sirona JTA).as(default)"
     1,    146,   146.00, "FreeMarkerIterationOperation.render(/reports/templates/hibernate.ftl, hibernate_SUBTIC_Bloq_ear.html)"
     1,      2,     2.00, "Query.fromType(org.jboss.windup.rules.apps.xml.model.XmlFileModel).gremlin().has(fileName,EQUALS,pom.xml).as(default)"
     1,      0,     0.00, "Query.fromType(org.jboss.windup.reporting.model.TechnologyTagModel).gremlin().has(name,EQUALS,LiferayFaces).as(default)"
     1,     55,    55.00, "FreeMarkerIterationOperation.render(/reports/templates/source.ftl, pom_xml.64.html)"
     1,      0,     0.00, "Query.fromType(org.jboss.windup.reporting.model.TechnologyTagModel).gremlin().has(name,EQUALS,Apache Synapse).as(default)"
     1,      0,     0.00, "Query.fromType(org.jboss.windup.reporting.model.TechnologyTagModel).gremlin().has(name,EQUALS,JBoss EJB XML).as(default)"
     1,      0,     0.00, "Query.fromType(org.jboss.windup.reporting.model.TechnologyTagModel).gremlin().has(name,EQUALS,Cloudera).as(default)"
     1,      0,     0.00, Query.fromType(org.jboss.windup.rules.apps.java.model.WindupJavaConfigurationModel).as(default)
     1,      0,     0.00, "Query.fromType(org.jboss.windup.reporting.model.TechnologyTagModel).gremlin().has(name,EQUALS,JAXB).as(default)"
     1,      0,     0.00, Query.fromType(org.jboss.windup.rules.apps.javaee.model.RemoteServiceModel).as(default)
     1,      0,     0.00, "Query.fromType(org.jboss.windup.reporting.model.TechnologyTagModel).gremlin().has(name,EQUALS,WSS4J).as(default)"
     2,      1,     0.50, "Query.fromType(org.jboss.windup.reporting.model.TechnologyTagModel).gremlin().has(name,EQUALS,Liferay).as(default)"
     1,      0,     0.00, "Query.fromType(org.jboss.windup.reporting.model.TechnologyTagModel).gremlin().has(name,EQUALS,Properties).as(default)"
     1,      1,     1.00, "Query.fromType(org.jboss.windup.rules.apps.xml.model.XmlFileModel).gremlin().has(rootTagName,EQUALS,datasources).as(default)"
     1,     62,    62.00, "FreeMarkerIterationOperation.render(/reports/templates/source.ftl, MANIFEST_MF.html)"
     1,      0,     0.00, "Query.fromType(org.jboss.windup.reporting.model.TechnologyTagModel).gremlin().has(name,EQUALS,ICEfaces).as(default)"
     1,     88,    88.00, "FreeMarkerIterationOperation.render(/reports/templates/source.ftl, SSAControleSessao_java.html)"
     1,      0,     0.00, "Query.fromType(org.jboss.windup.reporting.model.TechnologyTagModel).gremlin().has(name,EQUALS,Geronimo JTA).as(default)"
     1,      0,     0.00, "Query.fromType(org.jboss.windup.reporting.model.TechnologyTagModel).gremlin().has(name,EQUALS,Scaldi).as(default)"
     1,      0,     0.00, "Query.fromType(org.jboss.windup.reporting.model.TechnologyTagModel).gremlin().has(name,EQUALS,Quartz).as(default)"
     1,     41,    41.00, Query.fromType(org.jboss.windup.graph.model.resource.FileModel).as(default)
     1,      0,     0.00, "Query.fromType(org.jboss.windup.reporting.model.TechnologyTagModel).gremlin().has(name,EQUALS,HavaRunner).as(default)"
     1,      0,     0.00, "Query.fromType(org.jboss.windup.reporting.model.TechnologyTagModel).gremlin().has(name,EQUALS,KumuluzEE JTA).as(default)"
  8255,     22,     0.00, TypeInterestFactory.matchesAny(text).manualSearch
     1,     54,    54.00, "FreeMarkerIterationOperation.render(/reports/templates/source.ftl, pom_properties.6.html)"
     1,      1,     1.00, "Query.fromType(org.jboss.windup.rules.apps.xml.model.XmlFileModel).gremlin().has(fileName,EQUALS,ibm-ejb-jar-bnd.xmi).has(rootTagName,EQUALS,EJBJarBinding).as(default)"
     1,    417,   417.00, "FreeMarkerIterationOperation.render(/reports/templates/techReport-boxes.ftl, techReport_SUBTIC_Bloq_ear.html)"
     1,      0,     0.00, "Query.fromType(org.jboss.windup.reporting.model.TechnologyTagModel).gremlin().has(name,EQUALS,Spring Cloud Config).as(default)"
     1,      0,     0.00, "Query.fromType(org.jboss.windup.reporting.model.TechnologyTagModel).gremlin().has(name,EQUALS,EasyMock).as(default)"
     1,      0,     0.00, "Query.fromType(org.jboss.windup.reporting.model.TechnologyTagModel).gremlin().has(name,EQUALS,XACML).as(default)"
     1,      0,     0.00, "Query.fromType(org.jboss.windup.reporting.model.TechnologyTagModel).gremlin().has(name,EQUALS,Jersey).as(default)"
     1,      3,     3.00, "Query.gremlin().has(referenceType,CONTAINS_ANY_TOKEN,[IMPORT]).as(ec99c57f-f02a-4be9-b786-e7219ce826a5)"
     1,      0,     0.00, "Query.fromType(org.jboss.windup.reporting.model.TechnologyTagModel).gremlin().has(name,EQUALS,Needle).as(default)"
     1,     94,    94.00, "FreeMarkerIterationOperation.render(/reports/templates/source.ftl, FiltroCertificado_java.html)"
 27164,     32,     0.00, TypeInterestFactory.matchesAny(text)
  1560,     68,     0.04, GraphService.findAllByProperty(name)
     1,      1,     1.00, "Query.fromType(org.jboss.windup.rules.apps.xml.model.XmlFileModel).gremlin().has(rootTagName,EQUALS,orion-ejb-jar).as(default)"
     1,      0,     0.00, "Query.fromType(org.jboss.windup.reporting.model.TechnologyTagModel).gremlin().has(name,EQUALS,Eureka).as(default)"
     1,      0,     0.00, "Query.fromType(org.jboss.windup.reporting.model.TechnologyTagModel).gremlin().has(name,EQUALS,Blitz4j).as(default)"
     1,      0,     0.00, "Query.fromType(org.jboss.windup.reporting.model.TechnologyTagModel).gremlin().has(name,EQUALS,MEJB).as(default)"
     1,      0,     0.00, Query.fromType(org.jboss.windup.rules.apps.java.ip.HardcodedIPLocationModel).as(default)
     1,      0,     0.00, "Query.fromType(org.jboss.windup.rules.apps.javaee.model.EjbSessionBeanModel).gremlin().has(sessionType,EQUALS,Singleton).as(default)"
     1,      0,     0.00, "Query.fromType(org.jboss.windup.reporting.model.TechnologyTagModel).gremlin().has(name,EQUALS,Ehcache).as(default)"
   100,      0,     0.00, getEffortDescriptionForPoints
   136,      3,     0.02, fileModelToSourceReport
     1,      0,     0.00, sortApplicationsList
     1,    194,   194.00, "FreeMarkerIterationOperation.render(/reports/templates/report_index.ftl, report_index_SUBTIC_Bloq_ear.html)"
     1,      0,     0.00, "Query.fromType(org.jboss.windup.reporting.model.TechnologyTagModel).gremlin().has(name,EQUALS,Spring DI).as(default)"
     1,      0,     0.00, "Query.fromType(org.jboss.windup.reporting.model.TechnologyTagModel).gremlin().has(name,EQUALS,Camel Messaging Client).as(default)"
     1,      0,     0.00, "Query.fromType(org.jboss.windup.reporting.model.TechnologyTagModel).gremlin().has(name,EQUALS,Blaze).as(default)"
     1,      0,     0.00, "Query.fromType(org.jboss.windup.reporting.model.TechnologyTagModel).gremlin().has(name,EQUALS,Tornado Inject).as(default)"
     1,      0,     0.00, Query.fromType(org.jboss.windup.rules.apps.javaee.model.JPAPersistenceUnitModel).as(default)
     1,      0,     0.00, "Query.fromType(org.jboss.windup.reporting.model.TechnologyTagModel).gremlin().has(name,EQUALS,Dynacache).as(default)"
     1,      0,     0.00, "Query.fromType(org.jboss.windup.reporting.model.TechnologyTagModel).gremlin().has(name,EQUALS,SwarmCache).as(default)"
     1,      0,     0.00, "Query.fromType(org.jboss.windup.reporting.model.TechnologyTagModel).gremlin().has(name,EQUALS,Feign).as(default)"
     1,      0,     0.00, "Query.fromType(org.jboss.windup.reporting.model.TechnologyTagModel).gremlin().has(name,EQUALS,Narayana Arjuna).as(default)"
     1,      0,     0.00, "Query.fromType(org.jboss.windup.reporting.model.TechnologyTagModel).gremlin().has(name,EQUALS,Java EE Batch API).as(default)"
     1,     58,    58.00, "FreeMarkerIterationOperation.render(/reports/templates/source.ftl, config_properties.html)"
     1,      0,     0.00, "Query.fromType(org.jboss.windup.reporting.model.TechnologyTagModel).gremlin().has(name,EQUALS,MultithreadedTC).as(default)"
     1,      0,     0.00, "Query.fromType(org.jboss.windup.reporting.model.TechnologyTagModel).gremlin().has(name,EQUALS,Apache Commons Logging).as(default)"
     1,      2,     2.00, "Query.fromType(org.jboss.windup.rules.apps.java.model.JarArchiveModel).gremlin().has(fileName,REGEX,.*memcached.*\.jar$).as(default)"
     1,     51,    51.00, "FreeMarkerIterationOperation.render(/reports/templates/source.ftl, pom_properties.31.html)"
     1,      0,     0.00, "Query.fromType(org.jboss.windup.reporting.model.TechnologyTagModel).gremlin().has(name,EQUALS,OWASP ESAPI).as(default)"
     1,      0,     0.00, "Query.fromType(org.jboss.windup.reporting.model.TechnologyTagModel).gremlin().has(name,EQUALS,Evo JTA).as(default)"
     1,      0,     0.00, "Query.fromType(org.jboss.windup.reporting.model.TechnologyTagModel).gremlin().has(name,EQUALS,Winter).as(default)"
     1,      0,     0.00, "Query.fromType(org.jboss.windup.reporting.model.TechnologyTagModel).gremlin().has(name,EQUALS,Tomcat).as(default)"
     1,      3,     3.00, "Query.fromType(org.jboss.windup.rules.apps.java.model.JarArchiveModel).gremlin().has(fileName,REGEX,.*cache-api.*\.jar$).as(default)"
     1,      0,     0.00, "Query.fromType(org.jboss.windup.reporting.model.TechnologyTagModel).gremlin().has(name,EQUALS,MySQL Driver).as(default)"
     1,      0,     0.00, "Query.fromType(org.jboss.windup.reporting.model.TechnologyTagModel).gremlin().has(name,EQUALS,Memcached client).as(default)"
     1,      0,     0.00, "Query.fromType(org.jboss.windup.reporting.model.TechnologyTagModel).gremlin().has(name,EQUALS,OpenPojo).as(default)"
     1,      0,     0.00, "Query.fromType(org.jboss.windup.reporting.model.TechnologyTagModel).gremlin().has(name,EQUALS,JMustache).as(default)"
     1,     55,    55.00, "FreeMarkerIterationOperation.render(/reports/templates/source.ftl, VerificadorRevogacaoBase_java.11.html)"
     1,     50,    50.00, "FreeMarkerIterationOperation.render(/reports/templates/source.ftl, pom_properties.1.html)"
     1,    103,   103.00, "FreeMarkerIterationOperation.render(/reports/templates/source.ftl, application_properties.html)"
     1,      0,     0.00, "Query.fromType(org.jboss.windup.rules.apps.javaee.model.JmsDestinationModel).gremlin().has(destinationType,EQUALS,QUEUE).as(default)"
     1,      1,     1.00, "Query.fromType(org.jboss.windup.rules.apps.xml.model.XmlFileModel).gremlin().has(rootTagName,EQUALS,ejb-jar).has(fileName,EQUALS,jboss-ejb3.xml).as(default)"
     1,      0,     0.00, "Query.fromType(org.jboss.windup.reporting.model.TechnologyTagModel).gremlin().has(name,EQUALS,Play Test).as(default)"
     1,      0,     0.00, "Query.fromType(org.jboss.windup.reporting.model.TechnologyTagModel).gremlin().has(name,EQUALS,JCache).as(default)"
     1,      0,     0.00, "Query.fromType(org.jboss.windup.reporting.model.TechnologyTagModel).gremlin().has(name,EQUALS,Trimou).as(default)"
     1,      0,     0.00, "Query.fromType(org.jboss.windup.reporting.model.TechnologyTagModel).gremlin().has(name,EQUALS,ShiftOne).as(default)"
     1,      7,     7.00, getNumberOfLibraries
     1,     82,    82.00, "FreeMarkerIterationOperation.render(/reports/templates/source.ftl, HibernateFilter_java.html)"
     1,      0,     0.00, "Query.fromType(org.jboss.windup.reporting.model.TechnologyTagModel).gremlin().has(name,EQUALS,Apache Wicket).as(default)"
     1,      0,     0.00, "Query.fromType(org.jboss.windup.reporting.model.TechnologyTagModel).gremlin().has(name,EQUALS,Twirl).as(default)"
     1,      0,     0.00, "Query.fromType(org.jboss.windup.reporting.model.TechnologyTagModel).gremlin().has(name,EQUALS,Concordion).as(default)"
     1,      0,     0.00, "Query.fromType(org.jboss.windup.reporting.model.TechnologyTagModel).gremlin().has(name,EQUALS,Coherence).as(default)"
     1,    307,   307.00, "FreeMarkerIterationOperation.render(/reports/templates/source.ftl, pom_properties.32.html)"
     6,     27,     4.50, Query.fromType(org.jboss.windup.graph.model.ArchiveModel).as(default)
     1,      0,     0.00, "Query.fromType(org.jboss.windup.reporting.model.TechnologyTagModel).gremlin().has(name,EQUALS,BeanInject).as(default)"
     1,      0,     0.00, "Query.fromType(org.jboss.windup.reporting.model.TechnologyTagModel).gremlin().has(name,EQUALS,JBossMQ Client).as(default)"
     1,      0,     0.00, "Query.fromType(org.jboss.windup.reporting.model.TechnologyTagModel).gremlin().has(name,EQUALS,KouInject).as(default)"
     1,      0,     0.00, "Query.fromType(org.jboss.windup.reporting.model.TechnologyTagModel).gremlin().has(name,EQUALS,Apache Log4J).as(default)"
     1,      0,     0.00, "Query.fromType(org.jboss.windup.reporting.model.TechnologyTagModel).gremlin().has(name,EQUALS,Logging to Socket Handler).as(default)"
     1,      0,     0.00, "Query.fromType(org.jboss.windup.reporting.model.TechnologyTagModel).gremlin().has(name,EQUALS,Oracle ADF).as(default)"
     1,      0,     0.00, "Query.fromType(org.jboss.windup.reporting.model.TechnologyTagModel).gremlin().has(name,EQUALS,Petals EIP).as(default)"
     1,     89,    89.00, "FreeMarkerIterationOperation.render(/reports/templates/source.ftl, log4j_properties.21.html)"
    92,    129,     1.40, Classification.performParameterized
     1,     47,    47.00, "FreeMarkerIterationOperation.render(/reports/templates/source.ftl, ssa_config_properties.html)"
     1,     75,    75.00, "FreeMarkerIterationOperation.render(/reports/templates/source.ftl, log4j_properties.71.html)"
     1,      0,     0.00, Query.fromType(org.jboss.windup.rules.apps.javaee.model.HibernateEntityModel).as(default)
     1,     63,    63.00, "FreeMarkerIterationOperation.render(/reports/templates/source.ftl, VerificadorRevogacaoLocal_java.13.html)"
     1,      0,     0.00, "Query.fromType(org.jboss.windup.reporting.model.TechnologyTagModel).gremlin().has(name,EQUALS,TestNG).as(default)"
     1,      0,     0.00, "Query.fromType(org.jboss.windup.reporting.model.TechnologyTagModel).gremlin().has(name,EQUALS,JBPM).as(default)"
     1,     55,    55.00, "FreeMarkerIterationOperation.render(/reports/templates/source.ftl, pom_properties.30.html)"
     1,      8,     8.00, "Query.gremlin().has(referenceType,CONTAINS_ANY_TOKEN,[METHOD_CALL]).as(f3b0bea2-73a2-4934-a067-fae77063c926)"
     1,      1,     1.00, "Query.fromType(org.jboss.windup.reporting.model.TechnologyTagModel).gremlin().has(name,EQUALS,JACC).as(default)"
     1,      0,     0.00, "Query.fromType(org.jboss.windup.reporting.model.TechnologyTagModel).gremlin().has(name,EQUALS,TensorFlow).as(default)"
     1,     11,    11.00, Query.fromType(org.jboss.windup.rules.apps.xml.model.DoctypeMetaModel).gremlin()org.jboss.windup.rules.apps.javaee.rules.DiscoverHibernateMappingRuleProvider$1@44afe7b0.as(default)
   145,     19,     0.13, GraphService.findAllByProperty(stats.name)
     1,      0,     0.00, "Query.fromType(org.jboss.windup.reporting.model.TechnologyTagModel).gremlin().has(name,EQUALS,WSDL).as(default)"
     1,     34,    34.00, "FreeMarkerIterationOperation.render(/reports/templates/source.ftl, SSAProperties_java.html)"
     1,     10,    10.00, "FreeMarkerIterationOperation.render(/reports/templates/windupfreemarkerfunctions.ftl, windup_freemarkerfunctions.html)"
     1,     59,    59.00, "FreeMarkerIterationOperation.render(/reports/templates/source.ftl, pom_properties.26.html)"
     1,      1,     1.00, "Query.fromType(org.jboss.windup.rules.apps.xml.model.XmlFileModel).gremlin().has(rootTagName,EQUALS,weblogic-web-app).as(default)"
     1,      0,     0.00, "Query.fromType(org.jboss.windup.reporting.model.TechnologyTagModel).gremlin().has(name,EQUALS,Lumberjack).as(default)"
     1,      0,     0.00, "Query.fromType(org.jboss.windup.reporting.model.TechnologyTagModel).gremlin().has(name,EQUALS,OW2 Log Util).as(default)"
     1,      0,     0.00, "Query.fromType(org.jboss.windup.reporting.model.TechnologyTagModel).gremlin().has(name,EQUALS,Log4s).as(default)"
     1,      0,     0.00, "Query.fromType(org.jboss.windup.reporting.model.TechnologyTagModel).gremlin().has(name,EQUALS,Micro DI).as(default)"
     1,      1,     1.00, "Query.fromType(org.jboss.windup.rules.apps.xml.model.XmlFileModel).gremlin().has(rootTagName,EQUALS,web-app).has(fileName,NOT_EQUALS,geronimo-web.xml).as(default)"
     1,      0,     0.00, "Query.fromType(org.jboss.windup.reporting.model.TechnologyTagModel).gremlin().has(name,EQUALS,SSL).as(default)"
     1,      3,     3.00, "Query.fromType(org.jboss.windup.rules.apps.java.model.JarArchiveModel).gremlin().has(fileName,REGEX,.*coherence.*\.jar$).as(default)"
     1,      0,     0.00, "Query.fromType(org.jboss.windup.reporting.model.TechnologyTagModel).gremlin().has(name,EQUALS,JSF).as(default)"
     1,      0,     0.00, "Query.fromType(org.jboss.windup.reporting.model.TechnologyTagModel).gremlin().has(name,EQUALS,Vaadin).as(default)"
     1,      0,     0.00, "Query.fromType(org.jboss.windup.reporting.model.TechnologyTagModel).gremlin().has(name,EQUALS,Spring Integration).as(default)"
     1,      0,     0.00, "Query.fromType(org.jboss.windup.reporting.model.TechnologyTagModel).gremlin().has(name,EQUALS,Snippetory Template Engine).as(default)"
     1,      4,     4.00, "Query.fromType(org.jboss.windup.rules.apps.java.model.JarArchiveModel).gremlin().has(fileName,REGEX,.*myfaces-[(api)|(impl)|(bundle)].*\.jar$).as(default)"
     1,      0,     0.00, "Query.fromType(org.jboss.windup.reporting.model.TechnologyTagModel).gremlin().has(name,EQUALS,JayWire).as(default)"
     1,      0,     0.00, "Query.fromType(org.jboss.windup.reporting.model.TechnologyTagModel).gremlin().has(name,EQUALS,MapR).as(default)"
     1,      0,     0.00, "Query.fromType(org.jboss.windup.reporting.model.TechnologyTagModel).gremlin().has(name,EQUALS,Bouncy Castle).as(default)"
     1,      0,     0.00, "Query.fromType(org.jboss.windup.reporting.model.TechnologyTagModel).gremlin().has(name,EQUALS,Demoiselle JTA).as(default)"
     1,      0,     0.00, "Query.fromType(org.jboss.windup.reporting.model.TechnologyTagModel).gremlin().has(name,EQUALS,Common Annotations).as(default)"
     1,      0,     0.00, "Query.gremlin().has(referenceType,CONTAINS_ANY_TOKEN,[METHOD_CALL]).as(68726617-4a09-414a-a5b9-44277f2d271f)"
     1,      0,     0.00, "Query.fromType(org.jboss.windup.reporting.model.TechnologyTagModel).gremlin().has(name,EQUALS,Hamcrest).as(default)"
     1,      0,     0.00, "Query.fromType(org.jboss.windup.reporting.model.TechnologyTagModel).gremlin().has(name,EQUALS,JFunk).as(default)"
    61,     39,     0.64, DiscoverPropertiesFilesRuleProvider.perform
     1,      0,     0.00, "Query.fromType(org.jboss.windup.reporting.model.TechnologyTagModel).gremlin().has(name,EQUALS,Java EE Batch).as(default)"
     1,     98,    98.00, "FreeMarkerIterationOperation.render(/reports/templates/source.ftl, pom_properties.25.html)"
     1,      0,     0.00, "Query.fromType(org.jboss.windup.reporting.model.TechnologyTagModel).gremlin().has(name,EQUALS,RandomizedTesting Runner).as(default)"
     1,      2,     2.00, "Query.fromType(org.jboss.windup.rules.apps.java.model.JarArchiveModel).gremlin().has(fileName,REGEX,.*shiftone.*\.jar$).as(default)"
     1,     33,    33.00, "FreeMarkerIterationOperation.render(/reports/templates/source.ftl, pom_properties.75.html)"
     1,      0,     0.00, "Query.fromType(org.jboss.windup.reporting.model.TechnologyTagModel).gremlin().has(name,EQUALS,Polyforms DI).as(default)"
     1,      0,     0.00, "Query.fromType(org.jboss.windup.reporting.model.TechnologyTagModel).gremlin().has(name,EQUALS,Weka).as(default)"
     1,      0,     0.00, "Query.fromType(org.jboss.windup.reporting.model.TechnologyTagModel).gremlin().has(name,EQUALS,JBoss Transactions).as(default)"
     1,   1843,  1843.00, org.jboss.windup.graph.GraphContextFactory.create(Path)
    78,      6,     0.08, getClassificationForFile
     1,      0,     0.00, "Query.fromType(org.jboss.windup.reporting.model.TechnologyTagModel).gremlin().has(name,EQUALS,Iroh).as(default)"
     1,      0,     0.00, "Query.fromType(org.jboss.windup.reporting.model.TechnologyTagModel).gremlin().has(name,EQUALS,Apiman).as(default)"
     1,      0,     0.00, "Query.fromType(org.jboss.windup.reporting.model.TechnologyTagModel).gremlin().has(name,EQUALS,Spring Boot Actuator).as(default)"
     1,      0,     0.00, "Query.fromType(org.jboss.windup.reporting.model.TechnologyTagModel).gremlin().has(name,EQUALS,Spring Boot Cache).as(default)"
     1,    106,   106.00, "FreeMarkerIterationOperation.render(/reports/templates/source.ftl, SSADriver_java.html)"
    49,     22,     0.45, GraphService.findAllByProperty(mavenIdentifier)
     1,      0,     0.00, "Query.fromType(org.jboss.windup.reporting.model.TechnologyTagModel).gremlin().has(name,EQUALS,Cucumber).as(default)"
     1,      0,     0.00, "Query.fromType(org.jboss.windup.reporting.model.TechnologyTagModel).gremlin().has(name,EQUALS,XFire).as(default)"
     1,      0,     0.00, "Query.fromType(org.jboss.windup.reporting.model.TechnologyTagModel).gremlin().has(name,EQUALS,Swagger).as(default)"
     1,      0,     0.00, "Query.fromType(org.jboss.windup.reporting.model.TechnologyTagModel).gremlin().has(name,EQUALS,Hibernate Cfg).as(default)"
     2,      1,     0.50, "Query.fromType(org.jboss.windup.reporting.model.TechnologyTagModel).gremlin().has(name,EQUALS,Spark).as(default)"
     1,      0,     0.00, Query.fromType(org.jboss.windup.rules.apps.javaee.model.HibernateConfigurationFileModel).as(default)
     1,      0,     0.00, "Query.fromType(org.jboss.windup.reporting.model.TechnologyTagModel).gremlin().has(name,EQUALS,SwitchYard).as(default)"
     1,      0,     0.00, "Query.fromType(org.jboss.windup.reporting.model.TechnologyTagModel).gremlin().has(name,EQUALS,ANTLR StringTemplate).as(default)"
     1,     49,    49.00, "FreeMarkerIterationOperation.render(/reports/templates/source.ftl, MANIFEST_MF.8.html)"
     1,      1,     1.00, Query.fromType(org.jboss.windup.rules.apps.xml.model.DoctypeMetaModel).gremlin()org.jboss.windup.rules.apps.javaee.rules.DiscoverHibernateConfigurationRuleProvider$1@560818b3.as(default)
     1,      0,     0.00, Query.fromType(org.jboss.windup.reporting.model.ApplicationReportModel).as(default)
     1,      0,     0.00, "Query.fromType(org.jboss.windup.reporting.model.TechnologyTagModel).gremlin().has(name,EQUALS,JBoss Cache).as(default)"
     1,      0,     0.00, "Query.fromType(org.jboss.windup.reporting.model.TechnologyTagModel).gremlin().has(name,EQUALS,Play).as(default)"
     1,     92,    92.00, "FreeMarkerIterationOperation.render(/reports/templates/ignored_files.ftl, ignoredfiles_SUBTIC_Bloq_ear.html)"
     1,     52,    52.00, "FreeMarkerIterationOperation.render(/reports/templates/source.ftl, pom_properties.24.html)"
     1,     44,    44.00, "FreeMarkerIterationOperation.render(/reports/templates/source.ftl, security_properties.html)"
     1,     60,    60.00, "FreeMarkerIterationOperation.render(/reports/templates/source.ftl, CertificadoDigitalProperties_java.14.html)"
   269,     11,     0.04, getMigrationEffortPointsForFile
     1,      0,     0.00, "Query.fromType(org.jboss.windup.reporting.model.TechnologyTagModel).gremlin().has(name,EQUALS,Airframe).as(default)"
     1,     47,    47.00, "FreeMarkerIterationOperation.render(/reports/templates/source.ftl, XmlaOlap4jStatement_java.html)"
     1,      0,     0.00, "Query.fromType(org.jboss.windup.reporting.model.TechnologyTagModel).gremlin().has(name,EQUALS,HighFaces).as(default)"
     1,      0,     0.00, "Query.fromType(org.jboss.windup.reporting.model.TechnologyTagModel).gremlin().has(name,EQUALS,MyFaces).as(default)"
     1,      0,     0.00, "Query.fromType(org.jboss.windup.reporting.model.TechnologyTagModel).gremlin().has(name,EQUALS,JSilver).as(default)"
     1,      0,     0.00, "Query.fromType(org.jboss.windup.reporting.model.TechnologyTagModel).gremlin().has(name,EQUALS,HornetQ Client).as(default)"
     1,     59,    59.00, "FreeMarkerIterationOperation.render(/reports/templates/about_windup.ftl, about_SUBTIC_Bloq_ear.html)"
   171,    614,     3.59, Hint.performParameterized
     1,      0,     0.00, "Query.fromType(org.jboss.windup.reporting.model.TechnologyTagModel).gremlin().has(name,EQUALS,GFC Logging).as(default)"
     1,      0,     0.00, "Query.fromType(org.jboss.windup.reporting.model.TechnologyTagModel).gremlin().has(name,EQUALS,Water Template Engine).as(default)"
     1,     10,    10.00, Query.fromType(org.jboss.windup.graph.model.ArchiveModel).gremlin()org.jboss.windup.config.query.Query$1@5ee594ad.as(default)
     1,     66,    66.00, "FreeMarkerIterationOperation.render(/reports/templates/source.ftl, certificadoDigital_properties.html)"
     1,    500,   500.00, "FreeMarkerIterationOperation.render(/reports/templates/techReport-punchCard.ftl, techReport_punch.html)"
     1,      0,     0.00, "Query.fromType(org.jboss.windup.reporting.model.TechnologyTagModel).gremlin().has(name,EQUALS,WS Metadata).as(default)"
     1,      0,     0.00, "Query.fromType(org.jboss.windup.reporting.model.TechnologyTagModel).gremlin().has(name,EQUALS,Acegi Security).as(default)"
     2,     75,    37.50, getEffortCountForProjectByIssueCategory
     1,    112,   112.00, "FreeMarkerIterationOperation.render(/reports/templates/source.ftl, FiltroAutorizacao_java.html)"
     1,      0,     0.00, "Query.fromType(org.jboss.windup.reporting.model.TechnologyTagModel).gremlin().has(name,EQUALS,OmniFaces).as(default)"
     1,      0,     0.00, "Query.fromType(org.jboss.windup.reporting.model.TechnologyTagModel).gremlin().has(name,EQUALS,Spring Transactions).as(default)"
     1,      0,     0.00, "Query.fromType(org.jboss.windup.reporting.model.TechnologyTagModel).gremlin().has(name,EQUALS,Portlet).as(default)"
     1,      0,     0.00, "Query.fromType(org.jboss.windup.reporting.model.TechnologyTagModel).gremlin().has(name,EQUALS,Grapht DI).as(default)"
     1,      0,     0.00, "Query.fromType(org.jboss.windup.reporting.model.TechnologyTagModel).gremlin().has(name,EQUALS,Spring Messaging Client).as(default)"
     1,      0,     0.00, "Query.fromType(org.jboss.windup.reporting.model.TechnologyTagModel).gremlin().has(name,EQUALS,Apache Santuario).as(default)"
    97,     57,     0.59, TechnologyTag.performParameterized
     1,      0,     0.00, "Query.fromType(org.jboss.windup.reporting.model.TechnologyTagModel).gremlin().has(name,EQUALS,SQLite Driver).as(default)"
     1,      0,     0.00, "Query.fromType(org.jboss.windup.reporting.model.TechnologyTagModel).gremlin().has(name,EQUALS,Elasticsearch).as(default)"
     1,      0,     0.00, "Query.fromType(org.jboss.windup.reporting.model.TechnologyTagModel).gremlin().has(name,EQUALS,Mule).as(default)"
     1,    111,   111.00, "FreeMarkerIterationOperation.render(/reports/templates/source.ftl, ApplicationExternalProperties_java.html)"
     1,      0,     0.00, Query.fromType(org.jboss.windup.rules.apps.javaee.model.EjbDeploymentDescriptorModel).as(default)
     1,      0,     0.00, "Query.fromType(org.jboss.windup.reporting.model.TechnologyTagModel).gremlin().has(name,EQUALS,Apache Mahout).as(default)"
     1,     53,    53.00, "FreeMarkerIterationOperation.render(/reports/templates/source.ftl, config_properties.16.html)"
     1,      0,     0.00, "Query.fromType(org.jboss.windup.reporting.model.TechnologyTagModel).gremlin().has(name,EQUALS,OAUTH).as(default)"
     1,      0,     0.00, "Query.fromType(org.jboss.windup.reporting.model.TechnologyTagModel).gremlin().has(name,EQUALS,MckoiSQLDB Driver).as(default)"
     1,    558,   558.00, "FreeMarkerIterationOperation.render(/reports/templates/source.ftl, Base64_java.html)"
     1,      0,     0.00, "Query.fromType(org.jboss.windup.reporting.model.TechnologyTagModel).gremlin().has(name,EQUALS,Jamon).as(default)"
     1,     51,    51.00, "FreeMarkerIterationOperation.render(/reports/templates/source.ftl, pom_properties.54.html)"
     1,    225,   225.00, "FreeMarkerIterationOperation.render(/reports/templates/source.ftl, HibernateContextListener_java.html)"
     1,     44,    44.00, "FreeMarkerIterationOperation.render(/reports/templates/source.ftl, pom_xml.19.html)"
     1,      0,     0.00, "Query.fromType(org.jboss.windup.reporting.model.TechnologyTagModel).gremlin().has(name,EQUALS,Spring MVC).as(default)"
     1,      0,     0.00, "Query.fromType(org.jboss.windup.reporting.model.TechnologyTagModel).gremlin().has(name,EQUALS,Spring Test).as(default)"
     1,      0,     0.00, "Query.fromType(org.jboss.windup.reporting.model.TechnologyTagModel).gremlin().has(name,EQUALS,Peaberry).as(default)"
     1,      0,     0.00, "Query.fromType(org.jboss.windup.reporting.model.TechnologyTagModel).gremlin().has(name,EQUALS,KLogger).as(default)"
     1,     65,    65.00, "FreeMarkerIterationOperation.render(/reports/templates/source.ftl, pom_properties.22.html)"
     1,     83,    83.00, "FreeMarkerIterationOperation.render(/reports/templates/source.ftl, pom_properties.62.html)"
     1,      0,     0.00, "Query.fromType(org.jboss.windup.reporting.model.TechnologyTagModel).gremlin().has(name,EQUALS,OPS4J Pax Logging Service).as(default)"
     1,      0,     0.00, "Query.fromType(org.jboss.windup.reporting.model.TechnologyTagModel).gremlin().has(name,EQUALS,Webmacro).as(default)"
     1,      0,     0.00, "Query.fromType(org.jboss.windup.reporting.model.TechnologyTagModel).gremlin().has(name,EQUALS,Mycontainer JTA).as(default)"
     1,    236,   236.00, "FreeMarkerIterationOperation.render(/reports/templates/source.ftl, Config_java.html)"
     1,      0,     0.00, Query.as(707d8290-cd5f-4a78-a916-69470edc807e)
     1,      0,     0.00, "Query.fromType(org.jboss.windup.reporting.model.TechnologyTagModel).gremlin().has(name,EQUALS,Plexus Container).as(default)"
     1,      0,     0.00, "Query.fromType(org.jboss.windup.reporting.model.TechnologyTagModel).gremlin().has(name,EQUALS,Kotlin Logging).as(default)"
     1,      0,     0.00, "Query.fromType(org.jboss.windup.reporting.model.TechnologyTagModel).gremlin().has(name,EQUALS,Teiid).as(default)"
     1,      0,     0.00, "Query.fromType(org.jboss.windup.reporting.model.TechnologyTagModel).gremlin().has(name,EQUALS,Qpid Client).as(default)"
     1,      0,     0.00, "Query.fromType(org.jboss.windup.reporting.model.TechnologyTagModel).gremlin().has(name,EQUALS,Hibernate Mapping).as(default)"
     1,      0,     0.00, "Query.fromType(org.jboss.windup.reporting.model.TechnologyTagModel).gremlin().has(name,EQUALS,Ikasan).as(default)"
     1,      0,     0.00, "Query.fromType(org.jboss.windup.reporting.model.TechnologyTagModel).gremlin().has(name,EQUALS,GlassFish JTA).as(default)"
     1,      0,     0.00, "Query.fromType(org.jboss.windup.reporting.model.TechnologyTagModel).gremlin().has(name,EQUALS,EclipseLink).as(default)"
     1,     40,    40.00, "FreeMarkerIterationOperation.render(/reports/templates/source.ftl, bloqueio_properties.html)"
     1,      0,     0.00, Query.fromType(org.jboss.windup.rules.apps.javaee.model.JPANamedQueryModel).as(default)
  2389,    487,     0.20, "FileService.createByFilePath(parentFile, filePath)"
     1,      0,     0.00, "Query.fromType(org.jboss.windup.reporting.model.TechnologyTagModel).gremlin().has(name,EQUALS,ButterFaces).as(default)"
     1,      0,     0.00, "Query.fromType(org.jboss.windup.reporting.model.TechnologyTagModel).gremlin().has(name,EQUALS,JPA Matchers).as(default)"
     1,      0,     0.00, "Query.fromType(org.jboss.windup.reporting.model.TechnologyTagModel).gremlin().has(name,EQUALS,Cfg Engine).as(default)"
     1,      0,     0.00, "Query.fromType(org.jboss.windup.reporting.model.TechnologyTagModel).gremlin().has(name,EQUALS,Rythm Template Engine).as(default)"
     1,      0,     0.00, "Query.fromType(org.jboss.windup.reporting.model.TechnologyTagModel).gremlin().has(name,EQUALS,Javax Inject).as(default)"
     1,      0,     0.00, "Query.fromType(org.jboss.windup.reporting.model.TechnologyTagModel).gremlin().has(name,EQUALS,Composite Logging JCL).as(default)"
     1,      0,     0.00, "Query.fromType(org.jboss.windup.reporting.model.TechnologyTagModel).gremlin().has(name,EQUALS,Sticky Configured).as(default)"
     1,     43,    43.00, "FreeMarkerIterationOperation.render(/reports/templates/source.ftl, pom_properties.67.html)"
     1,      0,     0.00, Query.as(350472f3-b524-4c6c-852d-76d7ab5c453d)
     1,      0,     0.00, Query.fromType(org.jboss.windup.rules.apps.javaee.model.RMIServiceModel).as(default)
     1,     56,    56.00, "FreeMarkerIterationOperation.render(/reports/templates/source.ftl, pom_properties.27.html)"
     1,      0,     0.00, "Query.fromType(org.jboss.windup.reporting.model.TechnologyTagModel).gremlin().has(name,EQUALS,Zipkin).as(default)"
     1,     64,    64.00, "FreeMarkerIterationOperation.render(/reports/templates/source.ftl, pom_xml.2.html)"
     1,      0,     0.00, "Query.fromType(org.jboss.windup.reporting.model.TechnologyTagModel).gremlin().has(name,EQUALS,Apache Commons JCS).as(default)"
     1,      1,     1.00, "Query.fromType(org.jboss.windup.rules.apps.xml.model.XmlFileModel).gremlin().has(rootTagName,EQUALS,process-definition).as(default)"
     1,      0,     0.00, "Query.fromType(org.jboss.windup.reporting.model.TechnologyTagModel).gremlin().has(name,EQUALS,Orion EJB XML).as(default)"
     1,      0,     0.00, "Query.fromType(org.jboss.windup.reporting.model.TechnologyTagModel).gremlin().has(name,EQUALS,Drools).as(default)"
     1,      0,     0.00, "Query.fromType(org.jboss.windup.reporting.model.TechnologyTagModel).gremlin().has(name,EQUALS,Avalon Logkit).as(default)"
     1,      1,     1.00, "Query.fromType(org.jboss.windup.rules.apps.xml.model.XmlFileModel).gremlin().has(fileName,EQUALS,ibm-webservices-bnd.xmi).has(rootTagName,EQUALS,WSBinding).as(default)"
     1,      1,     1.00, "Query.fromType(org.jboss.windup.rules.apps.xml.model.XmlFileModel).gremlin().has(rootTagName,EQUALS,ejb-jar).as(default)"
     1,      0,     0.00, "Query.fromType(org.jboss.windup.reporting.model.TechnologyTagModel).gremlin().has(name,EQUALS,Microsoft SQL Driver).as(default)"
     1,     70,    70.00, "FreeMarkerIterationOperation.render(/reports/templates/source.ftl, MdxUtil_java.html)"
    92,      8,     0.09, GraphService.findAllByProperty(ClassificationModel-classification)
   271,      0,     0.00, iterableHasContent
     1,     49,    49.00, "FreeMarkerIterationOperation.render(/reports/templates/source.ftl, MailClient_java.html)"
     1,      1,     1.00, "Query.fromType(org.jboss.windup.rules.apps.xml.model.XmlFileModel).gremlin().has(rootTagName,EQUALS,orion-web-app).as(default)"
     1,      0,     0.00, Query.fromType(org.jboss.windup.rules.apps.javaee.model.JNDIResourceModel).as(default)
    78,      7,     0.09, projectModelToOrganizations
     1,      0,     0.00, "Query.fromType(org.jboss.windup.reporting.model.TechnologyTagModel).gremlin().has(name,EQUALS,Stripes).as(default)"
     1,     55,    55.00, "FreeMarkerIterationOperation.render(/reports/templates/source.ftl, pom_properties.33.html)"
     1,      0,     0.00, "Query.fromType(org.jboss.windup.reporting.model.TechnologyTagModel).gremlin().has(name,EQUALS,Thymeleaf).as(default)"
     1,      0,     0.00, "Query.fromType(org.jboss.windup.reporting.model.TechnologyTagModel).gremlin().has(name,EQUALS,OTR4J).as(default)"
     1,      0,     0.00, "Query.fromType(org.jboss.windup.reporting.model.TechnologyTagModel).gremlin().has(name,EQUALS,Apache Tapestry).as(default)"
     1,      0,     0.00, "Query.fromType(org.jboss.windup.reporting.model.TechnologyTagModel).gremlin().has(name,EQUALS,Morphia).as(default)"
     1,     42,    42.00, "FreeMarkerIterationOperation.render(/reports/templates/source.ftl, pom_properties.43.html)"
     1,     48,    48.00, "FreeMarkerIterationOperation.render(/reports/templates/source.ftl, pom_properties.56.html)"
     1,      0,     0.00, "Query.fromType(org.jboss.windup.reporting.model.TechnologyTagModel).gremlin().has(name,EQUALS,Clustering EJB).as(default)"
   549,    278,     0.51, GraphService.findAllByPropertyMatchingRegex(filePath)
     1,      1,     1.00, "Query.gremlin().has(referenceType,CONTAINS_ANY_TOKEN,[CONSTRUCTOR_CALL]).as(5ea6a73a-8075-4c2d-81b5-db096b3be75b)"
     1,    543,   543.00, "FreeMarkerIterationOperation.render(/reports/templates/source.ftl, CertificadoDigitalProperties_java.html)"
     1,      0,     0.00, "Query.fromType(org.jboss.windup.reporting.model.TechnologyTagModel).gremlin().has(name,EQUALS,HTTP Client).as(default)"
     1,      1,     1.00, "Query.fromType(org.jboss.windup.rules.apps.xml.model.XmlFileModel).gremlin().has(fileName,EQUALS,ibm-web-bnd.xmi).as(default)"
     1,     41,    41.00, "FreeMarkerIterationOperation.render(/reports/templates/source.ftl, pom_xml.73.html)"
     1,      0,     0.00, Query.as(f0572e48-0c25-4671-a898-8c4ea9eab8ca)
     1,      0,     0.00, "Query.fromType(org.jboss.windup.reporting.model.TechnologyTagModel).gremlin().has(name,EQUALS,Apache Flume).as(default)"
     1,      0,     0.00, "Query.gremlin().has(referenceType,CONTAINS_ANY_TOKEN,[IMPORT]).as(5bf4c69f-2366-4bc5-bb35-7716c8d2b898)"
     1,    536,   536.00, "FreeMarkerIterationOperation.render(/reports/templates/source.ftl, RestClient_java.html)"
     1,      0,     0.00, "Query.fromType(org.jboss.windup.reporting.model.TechnologyTagModel).gremlin().has(name,EQUALS,Redis).as(default)"
     1,      0,     0.00, "Query.fromType(org.jboss.windup.reporting.model.TechnologyTagModel).gremlin().has(name,EQUALS,BootsFaces).as(default)"
     1,      0,     0.00, "Query.fromType(org.jboss.windup.reporting.model.TechnologyTagModel).gremlin().has(name,EQUALS,Apache Camel).as(default)"
    79,     15,     0.19, GraphService.findAllByProperty(sha1Hash)
     1,      0,     0.00, Query.fromType(org.jboss.windup.rules.apps.yaml.model.YamlFileModel).as(default)
     1,      0,     0.00, "Query.fromType(org.jboss.windup.reporting.model.TechnologyTagModel).gremlin().has(name,EQUALS,Apache Hadoop).as(default)"
     1,      1,     1.00, "Query.fromType(org.jboss.windup.rules.apps.xml.model.XmlFileModel).gremlin().has(rootTagName,EQUALS,jboss).has(fileName,EQUALS,jboss.xml).as(default)"
     1,      0,     0.00, "Query.fromType(org.jboss.windup.reporting.model.TechnologyTagModel).gremlin().has(name,EQUALS,PostgreSQL Driver).as(default)"
     1,     46,    46.00, "FreeMarkerIterationOperation.render(/reports/templates/source.ftl, pom_properties.70.html)"
     1,      0,     0.00, "Query.fromType(org.jboss.windup.reporting.model.TechnologyTagModel).gremlin().has(name,EQUALS,AKKA JTA).as(default)"
     1,      1,     1.00, Query.fromType(org.jboss.windup.graph.model.ArchiveModel).gremlin()org.jboss.windup.config.query.Query$1@ea6028f.as(default)
     1,      0,     0.00, "Query.fromType(org.jboss.windup.reporting.model.TechnologyTagModel).gremlin().has(name,EQUALS,SLF4J).as(default)"
     1,      0,     0.00, "Query.fromType(org.jboss.windup.reporting.model.TechnologyTagModel).gremlin().has(name,EQUALS,Scalate).as(default)"
     1,      0,     0.00, "Query.fromType(org.jboss.windup.reporting.model.TechnologyTagModel).gremlin().has(name,EQUALS,Hazelcast).as(default)"
     1,      0,     0.00, "Query.fromType(org.jboss.windup.reporting.model.TechnologyTagModel).gremlin().has(name,EQUALS,GIN).as(default)"
     1,      0,     0.00, Query.fromType(org.jboss.windup.rules.apps.javaee.model.JsFileModel).as(default)
     1,     62,    62.00, "FreeMarkerIterationOperation.render(/reports/templates/source.ftl, pom_xml.7.html)"
     1,      0,     0.00, "Query.fromType(org.jboss.windup.reporting.model.TechnologyTagModel).gremlin().has(name,EQUALS,GWT).as(default)"
     1,      0,     0.00, Query.fromType(org.jboss.windup.rules.apps.javaee.model.HtmlFileModel).as(default)
     1,     46,    46.00, "FreeMarkerIterationOperation.render(/reports/templates/source.ftl, HibernateUtil_java.html)"
     1,     68,    68.00, "FreeMarkerIterationOperation.render(/reports/templates/source.ftl, pom_xml.69.html)"
     1,     54,    54.00, "FreeMarkerIterationOperation.render(/reports/templates/source.ftl, pom_properties.35.html)"
     2,      0,     0.00, Query.fromType(org.jboss.windup.rules.apps.javaee.model.SpringBeanModel).as(default)
     1,      0,     0.00, "Query.fromType(org.jboss.windup.reporting.model.TechnologyTagModel).gremlin().has(name,EQUALS,WebSphere EJB).as(default)"
     5,     19,     3.80, Query.fromType(org.jboss.windup.graph.model.WindupConfigurationModel).as(default)
     1,     58,    58.00, "FreeMarkerIterationOperation.render(/reports/templates/source.ftl, pom_properties.29.html)"
     1,     79,    79.00, "FreeMarkerIterationOperation.render(/reports/templates/source.ftl, pom_properties.41.html)"
     1,      2,     2.00, "Query.fromType(org.jboss.windup.rules.apps.java.model.JarArchiveModel).gremlin().has(fileName,REGEX,.*camel.*\.jar$).as(default)"
     1,     46,    46.00, "FreeMarkerIterationOperation.render(/reports/templates/source.ftl, MANIFEST_MF.3.html)"
     1,      0,     0.00, "Query.gremlin().has(referenceSourceSnippit,REGEX,((?:.*))\Qfile\E((?:.*))\Q\E).has(referenceType,CONTAINS_ANY_TOKEN,[CONSTRUCTOR_CALL]).as(c0f9d097-5617-4d48-9687-aba844ea9f4f)"
     1,      0,     0.00, "Query.fromType(org.jboss.windup.reporting.model.TechnologyTagModel).gremlin().has(name,EQUALS,Jasypt).as(default)"
   376,     22,     0.06, getTechnologyTagsForFile
  1763,     77,     0.04, isReportableFile
     1,    561,   561.00, "FreeMarkerIterationOperation.render(/reports/templates/source.ftl, certificadoDigital_properties.10.html)"
     1,      0,     0.00, "Query.fromType(org.jboss.windup.reporting.model.TechnologyTagModel).gremlin().has(name,EQUALS,Oscache).as(default)"
 13644,     39,     0.00, FilePathComparator
     1,     90,    90.00, "FreeMarkerIterationOperation.render(/reports/templates/source.ftl, pom_properties.59.html)"
     2,      0,     0.00, Query.fromType(org.jboss.windup.rules.apps.javaee.model.EjbMessageDrivenModel).as(default)
     1,      0,     0.00, "Query.fromType(org.jboss.windup.reporting.model.TechnologyTagModel).gremlin().has(name,EQUALS,Mule Functional Test Framework).as(default)"
     1,     83,    83.00, "FreeMarkerIterationOperation.render(/reports/templates/source.ftl, LoginServlet_java.html)"
     1,     24,    24.00, "Query.fromType(org.jboss.windup.rules.apps.java.model.JavaClassFileModel).gremlin().has(parseError,NOT_DEFINED,null).as(default)"
     1,      0,     0.00, "Query.fromType(org.jboss.windup.reporting.model.TechnologyTagModel).gremlin().has(name,EQUALS,Apache Struts).as(default)"
     1,      0,     0.00, "Query.fromType(org.jboss.windup.reporting.model.TechnologyTagModel).gremlin().has(name,EQUALS,PicketLink).as(default)"
     1,      0,     0.00, "Query.fromType(org.jboss.windup.reporting.model.TechnologyTagModel).gremlin().has(name,EQUALS,Macros).as(default)"
     1,      0,     0.00, "Query.fromType(org.jboss.windup.reporting.model.TechnologyTagModel).gremlin().has(name,EQUALS,WSO2).as(default)"
     1,      0,     0.00, "Query.fromType(org.jboss.windup.reporting.model.TechnologyTagModel).gremlin().has(name,EQUALS,Spring).as(default)"
     1,    537,   537.00, "FreeMarkerIterationOperation.render(/reports/templates/source.ftl, SSASessaoTag_java.html)"
     1,      0,     0.00, "Query.fromType(org.jboss.windup.reporting.model.TechnologyTagModel).gremlin().has(name,EQUALS,Syringe).as(default)"
     1,      0,     0.00, "Query.fromType(org.jboss.windup.reporting.model.TechnologyTagModel).gremlin().has(name,EQUALS,JUnit).as(default)"
     1,      0,     0.00, "Query.fromType(org.jboss.windup.reporting.model.TechnologyTagModel).gremlin().has(name,EQUALS,FreeMarker).as(default)"
     1,      0,     0.00, "Query.fromType(org.jboss.windup.reporting.model.TechnologyTagModel).gremlin().has(name,EQUALS,MRules).as(default)"
     1,      0,     0.00, "Query.fromType(org.jboss.windup.reporting.model.TechnologyTagModel).gremlin().has(name,EQUALS,JDBC).as(default)"
   521,   1339,     2.57, JavaClass.evaluate
     1,      0,     0.00, "Query.fromType(org.jboss.windup.reporting.model.TechnologyTagModel).gremlin().has(name,EQUALS,Hibernate).as(default)"
     1,      0,     0.00, "Query.fromType(org.jboss.windup.reporting.model.TechnologyTagModel).gremlin().has(name,EQUALS,Log.io).as(default)"
     1,     72,    72.00, "FreeMarkerIterationOperation.render(/reports/templates/source.ftl, beans_xml.html)"
     1,      1,     1.00, "Query.fromType(org.jboss.windup.rules.apps.xml.model.XmlFileModel).gremlin().has(rootTagName,EQUALS,weblogic-ejb-jar).as(default)"
     1,     78,    78.00, "FreeMarkerIterationOperation.render(/reports/templates/source.ftl, XmlaOlap4jConnection_java.html)"
     1,      0,     0.00, Query.as(1c1f2829-f236-4b60-8955-0e434702d820)
     1,      0,     0.00, "Query.fromType(org.jboss.windup.reporting.model.TechnologyTagModel).gremlin().has(name,EQUALS,Spring Properties).as(default)"
     1,      2,     2.00, "Query.fromType(org.jboss.windup.rules.apps.java.model.JarArchiveModel).gremlin().has(fileName,REGEX,.*drools.*\.jar$).as(default)"
     1,      0,     0.00, Query.fromType(org.jboss.windup.rules.apps.javaee.model.JaxWSWebServiceModel).as(default)
     1,      0,     0.00, "Query.fromType(org.jboss.windup.reporting.model.TechnologyTagModel).gremlin().has(name,EQUALS,Silk DI).as(default)"
     1,      3,     3.00, "Query.fromType(org.jboss.windup.rules.apps.java.model.JarArchiveModel).gremlin().has(fileName,REGEX,.*commons-jcs.*\.jar$).as(default)"
     1,     77,    77.00, "FreeMarkerIterationOperation.render(/reports/templates/source.ftl, ClientHttpPost_java.html)"
     1,      0,     0.00, "Query.fromType(org.jboss.windup.reporting.model.TechnologyTagModel).gremlin().has(name,EQUALS,AngularFaces).as(default)"
     1,      2,     2.00, "Query.gremlin().has(referenceType,CONTAINS_ANY_TOKEN,[IMPORT]).as(99afe074-196b-4946-917d-457db63b2a79)"
     2,      0,     0.00, Query.fromType(org.jboss.windup.rules.apps.javaee.model.JmsConnectionFactoryModel).as(default)
     1,     79,    79.00, "FreeMarkerIterationOperation.render(/reports/templates/source.ftl, BloqueioFilter_java.html)"
     1,      0,     0.00, "Query.fromType(org.jboss.windup.reporting.model.TechnologyTagModel).gremlin().has(name,EQUALS,Jetbrick Template).as(default)"
     1,      0,     0.00, "Query.fromType(org.jboss.windup.reporting.model.TechnologyTagModel).gremlin().has(name,EQUALS,Amazon SQS Client).as(default)"
     1,      0,     0.00, "Query.fromType(org.jboss.windup.reporting.model.TechnologyTagModel).gremlin().has(name,EQUALS,ServiceMix).as(default)"
   219,   1231,     5.62, XmlFile.evaluate
     1,      0,     0.00, "Query.fromType(org.jboss.windup.reporting.model.TechnologyTagModel).gremlin().has(name,EQUALS,Apache Accumulo Client).as(default)"
     1,      0,     0.00, "Query.fromType(org.jboss.windup.reporting.model.TechnologyTagModel).gremlin().has(name,EQUALS,OW2 JTA).as(default)"
   435,     17,     0.04, GraphService.addTypeToModel
     1,     58,    58.00, "FreeMarkerIterationOperation.render(/reports/templates/source.ftl, pom_xml.html)"
     1,   2122,  2122.00, AnalyzeJavaFilesRuleProvider.analyzeFile
     1,      0,     0.00, "Query.fromType(org.jboss.windup.reporting.model.TechnologyTagModel).gremlin().has(name,EQUALS,HSQLDB Driver).as(default)"
     1,      0,     0.00, "Query.fromType(org.jboss.windup.reporting.model.TechnologyTagModel).gremlin().has(name,EQUALS,DVSL).as(default)"
     1,      0,     0.00, "Query.fromType(org.jboss.windup.reporting.model.TechnologyTagModel).gremlin().has(name,EQUALS,JBoss logging).as(default)"
     1,     76,    76.00, "FreeMarkerIterationOperation.render(/reports/templates/unparsable_files.ftl, Unparsable_SUBTIC_Bloq_ear.html)"
     1,     65,    65.00, "FreeMarkerIterationOperation.render(/reports/templates/source.ftl, pom_properties.57.html)"
     1,     80,    80.00, "FreeMarkerIterationOperation.render(/reports/templates/source.ftl, XmlaOlap4jAbstractHttpProxy_java.html)"
     1,     33,    33.00, "FreeMarkerIterationOperation.render(/reports/templates/source.ftl, pom_properties.37.html)"
     1,     60,    60.00, "FreeMarkerIterationOperation.render(/reports/templates/source.ftl, LoginCertServlet_java.html)"
     1,      0,     0.00, "Query.gremlin().has(referenceType,CONTAINS_ANY_TOKEN,[IMPORT]).as(53ad943e-c242-4438-b2e9-a10486c6fac2)"
     1,      0,     0.00, "Query.fromType(org.jboss.windup.reporting.model.TechnologyTagModel).gremlin().has(name,EQUALS,Atomikos JTA).as(default)"
     1,    112,   112.00, "FreeMarkerIterationOperation.render(/reports/templates/source.ftl, log4j_properties.html)"
     1,     87,    87.00, "FreeMarkerIterationOperation.render(/reports/templates/source.ftl, pom_properties.html)"
     1,     70,    70.00, "FreeMarkerIterationOperation.render(/reports/templates/source.ftl, pom_properties.45.html)"
     1,      0,     0.00, "Query.fromType(org.jboss.windup.reporting.model.TechnologyTagModel).gremlin().has(name,EQUALS,RocketMQ Client).as(default)"
     1,      0,     0.00, "Query.fromType(org.jboss.windup.reporting.model.TechnologyTagModel).gremlin().has(name,EQUALS,Cassandra Client).as(default)"
     1,      1,     1.00, "Query.fromType(org.jboss.windup.rules.apps.xml.model.XmlFileModel).gremlin().has(rootTagName,EQUALS,beans).as(default)"
     1,      0,     0.00, "Query.fromType(org.jboss.windup.reporting.model.TechnologyTagModel).gremlin().has(name,EQUALS,Scribe).as(default)"
     1,     73,    73.00, "FreeMarkerIterationOperation.render(/reports/templates/source.ftl, Olap4jUtil_java.html)"
     1,      2,     2.00, "Query.fromType(org.jboss.windup.rules.apps.java.model.JarArchiveModel).gremlin().has(fileName,REGEX,.*oscache.*\.jar$).as(default)"
   269,     49,     0.18, getTagsFromFileClassificationsAndHints
     1,      0,     0.00, "Query.fromType(org.jboss.windup.reporting.model.TechnologyTagModel).gremlin().has(name,EQUALS,Everit JTA).as(default)"
     1,      0,     0.00, "Query.fromType(org.jboss.windup.reporting.model.TechnologyTagModel).gremlin().has(name,EQUALS,AcrIS Security).as(default)"
     1,    307,   307.00, "FreeMarkerIterationOperation.render(/reports/templates/source.ftl, pom_properties.38.html)"
     1,   2535,  2535.00, "FreeMarkerIterationOperation.render(/reports/templates/java_application.ftl, ApplicationDetails_SUBTIC_Bloq_ear.html)"
     1,     56,    56.00, "FreeMarkerIterationOperation.render(/reports/templates/source.ftl, MANIFEST_MF.74.html)"
     1,      0,     0.00, "Query.fromType(org.jboss.windup.reporting.model.TechnologyTagModel).gremlin().has(name,EQUALS,Apache CXF).as(default)"
     1,      0,     0.00, Query.fromType(org.jboss.windup.rules.apps.javaee.model.ThreadPoolModel).as(default)
     1,    323,   323.00, "FreeMarkerIterationOperation.render(/reports/templates/application_list.ftl, ../index.html)"
     1,      0,     0.00, "Query.fromType(org.jboss.windup.reporting.model.TechnologyTagModel).gremlin().has(name,EQUALS,OACC).as(default)"
     1,      0,     0.00, "Query.fromType(org.jboss.windup.reporting.model.TechnologyTagModel).gremlin().has(name,EQUALS,Keyczar).as(default)"
     1,      0,     0.00, "Query.fromType(org.jboss.windup.reporting.model.TechnologyTagModel).gremlin().has(name,EQUALS,Logging to file system).as(default)"
     1,     45,    45.00, "FreeMarkerIterationOperation.render(/reports/templates/source.ftl, Mensagem_java.html)"
     1,      0,     0.00, "Query.fromType(org.jboss.windup.reporting.model.TechnologyTagModel).gremlin().has(name,EQUALS,Grails).as(default)"
   135,      0,     0.00, projectModelToApplicationIndex
     1,      0,     0.00, "Query.fromType(org.jboss.windup.reporting.model.TechnologyTagModel).gremlin().has(name,EQUALS,REST Assured).as(default)"
   236,   1279,     5.42, sortProjectTraversalsByPathAscending
     1,     92,    92.00, "Query.fromType(org.jboss.windup.graph.model.resource.FileModel).gremlin().has(isDirectory,EQUALS,false).has(filePath,REGEX,.*\.properties$).as(default)"
     1,      1,     1.00, Query.fromType(org.jboss.windup.reporting.model.TechnologyUsageStatisticsModel).as(default)
     1,      2,     2.00, "Query.fromType(org.jboss.windup.rules.apps.java.model.JarArchiveModel).gremlin().has(fileName,REGEX,.*jcache.*\.jar$).as(default)"
     1,      1,     1.00, "Query.fromType(org.jboss.windup.rules.apps.xml.model.XmlFileModel).gremlin().has(rootTagName,EQUALS,jboss-web).as(default)"
     1,      0,     0.00, "Query.fromType(org.jboss.windup.reporting.model.TechnologyTagModel).gremlin().has(name,EQUALS,JPA XML).as(default)"
     1,      0,     0.00, Query.as(62f397a1-52ef-4754-a548-ba58a78fc63e)
     1,     45,    45.00, "FreeMarkerIterationOperation.render(/reports/templates/source.ftl, pom_properties.44.html)"
     1,      0,     0.00, "Query.fromType(org.jboss.windup.reporting.model.TechnologyTagModel).gremlin().has(name,EQUALS,XMLUnit).as(default)"
     1,      0,     0.00, "Query.fromType(org.jboss.windup.reporting.model.TechnologyTagModel).gremlin().has(name,EQUALS,Arquillian).as(default)"
   690,    217,     0.31, JavaClassService.resolveByQualifiedName(qualifiedClassName)
     1,     51,    51.00, GraphService.findAllWithoutProperty(skipDecompilation)
     1,      0,     0.00, "Query.fromType(org.jboss.windup.reporting.model.TechnologyTagModel).gremlin().has(name,EQUALS,Hdiv).as(default)"
     1,      0,     0.00, "Query.fromType(org.jboss.windup.reporting.model.TechnologyTagModel).gremlin().has(name,EQUALS,Lift JTA).as(default)"
     1,      0,     0.00, "Query.fromType(org.jboss.windup.reporting.model.TechnologyTagModel).gremlin().has(name,EQUALS,Dagger).as(default)"
     1,      0,     0.00, "Query.fromType(org.jboss.windup.reporting.model.TechnologyTagModel).gremlin().has(name,EQUALS,OpenWS).as(default)"
     1,      0,     0.00, "Query.fromType(org.jboss.windup.reporting.model.TechnologyTagModel).gremlin().has(name,EQUALS,WebLogic Web XML).as(default)"
     1,      1,     1.00, Query.as(2b047a38-a8b2-481f-b05a-c0a4ddef5bf8)
     1,      0,     0.00, "Query.fromType(org.jboss.windup.reporting.model.TechnologyTagModel).gremlin().has(name,EQUALS,WebSphere EJB Ext).as(default)"
     1,      0,     0.00, "Query.fromType(org.jboss.windup.reporting.model.TechnologyTagModel).gremlin().has(name,EQUALS,Weld).as(default)"
   163,      0,     0.00, iterableToList
     1,      2,     2.00, "Query.fromType(org.jboss.windup.rules.apps.java.model.JarArchiveModel).gremlin().has(fileName,REGEX,.*ignite.*\.jar$).as(default)"
     1,      0,     0.00, "Query.fromType(org.jboss.windup.reporting.model.TechnologyTagModel).gremlin().has(name,EQUALS,PicketBox).as(default)"
     1,      0,     0.00, "Query.fromType(org.jboss.windup.reporting.model.TechnologyTagModel).gremlin().has(name,EQUALS,Unirest).as(default)"
     1,      0,     0.00, "Query.fromType(org.jboss.windup.reporting.model.TechnologyTagModel).gremlin().has(name,EQUALS,Chunk Templates).as(default)"
     1,      0,     0.00, "Query.fromType(org.jboss.windup.reporting.model.TechnologyTagModel).gremlin().has(name,EQUALS,Java EE JSON-P).as(default)"
     1,      0,     0.00, "Query.fromType(org.jboss.windup.reporting.model.TechnologyTagModel).gremlin().has(name,EQUALS,Restito).as(default)"
     1,      1,     1.00, "Query.fromType(org.jboss.windup.rules.apps.xml.model.XmlFileModel).gremlin().has(fileName,EQUALS,ibm-webservices-ext.xmi).has(rootTagName,EQUALS,WsExtension).as(default)"
     1,      0,     0.00, "Query.fromType(org.jboss.windup.reporting.model.TechnologyTagModel).gremlin().has(name,EQUALS,PowerMock).as(default)"
     1,     47,    47.00, "FreeMarkerIterationOperation.render(/reports/templates/source.ftl, pom_properties.50.html)"
     1,      0,     0.00, "Query.fromType(org.jboss.windup.reporting.model.TechnologyTagModel).gremlin().has(name,EQUALS,Cache API).as(default)"
     1,      0,     0.00, "Query.fromType(org.jboss.windup.reporting.model.TechnologyTagModel).gremlin().has(name,EQUALS,Spring Shell).as(default)"
     1,      0,     0.00, "Query.fromType(org.jboss.windup.reporting.model.TechnologyTagModel).gremlin().has(name,EQUALS,JBehave).as(default)"
     1,     67,    67.00, "FreeMarkerIterationOperation.render(/reports/templates/source.ftl, LogoutServlet_java.html)"
     1,     62,    62.00, "FreeMarkerIterationOperation.render(/reports/templates/source.ftl, pom_properties.60.html)"
     1,      0,     0.00, "Query.fromType(org.jboss.windup.rules.apps.javaee.model.JmsDestinationModel).gremlin().has(destinationType,EQUALS,TOPIC).as(default)"
     1,      0,     0.00, "Query.fromType(org.jboss.windup.reporting.model.TechnologyTagModel).gremlin().has(name,EQUALS,Apache Meecrowave JTA).as(default)"
     1,      0,     0.00, "Query.fromType(org.jboss.windup.reporting.model.TechnologyTagModel).gremlin().has(name,EQUALS,Jcabi Log).as(default)"
     1,      0,     0.00, "Query.fromType(org.jboss.windup.reporting.model.TechnologyTagModel).gremlin().has(name,EQUALS,Airlift Log Manager).as(default)"
     1,      0,     0.00, "Query.fromType(org.jboss.windup.reporting.model.TechnologyTagModel).gremlin().has(name,EQUALS,WebSphere Web XML).as(default)"
     1,      0,     0.00, Query.fromType(org.jboss.windup.rules.apps.javaee.model.JPAEntityModel).as(default)
    82,    354,     4.32, getEffortDetailsForProjectTraversal
     1,      0,     0.00, "Query.fromType(org.jboss.windup.reporting.model.TechnologyTagModel).gremlin().has(name,EQUALS,Bean Validation).as(default)"
     1,     78,    78.00, "FreeMarkerIterationOperation.render(/reports/templates/source.ftl, ResourcesProperties_java.html)"
     1,      0,     0.00, "Query.fromType(org.jboss.windup.reporting.model.TechnologyTagModel).gremlin().has(name,EQUALS,Apache Aries).as(default)"
     1,    307,   307.00, "FreeMarkerIterationOperation.render(/reports/templates/source.ftl, pom_properties.46.html)"
 24830,      4,     0.00, TypeInterestFactory.matchesAny(text).cacheCheck
     1,     75,    75.00, "FreeMarkerIterationOperation.render(/reports/templates/source.ftl, hibernate_cfg_xml.html)"
     1,      0,     0.00, "Query.fromType(org.jboss.windup.reporting.model.TechnologyTagModel).gremlin().has(name,EQUALS,Spring Data JPA).as(default)"
     1,      0,     0.00, "Query.fromType(org.jboss.windup.reporting.model.TechnologyTagModel).gremlin().has(name,EQUALS,PicoContainer).as(default)"
     1,      0,     0.00, Query.fromType(org.jboss.windup.rules.apps.javaee.model.Jbpm3ProcessModel).as(default)
     1,   1852,  1852.00, AnalyzeJavaFilesRuleProvider.parseFiles
     1,      2,     2.00, "Query.fromType(org.jboss.windup.rules.apps.java.model.JarArchiveModel).gremlin().has(fileName,REGEX,.*hazelcast.*\.jar$).as(default)"
     9,      0,     0.00, getProjectTraversal
     1,     65,    65.00, "FreeMarkerIterationOperation.render(/reports/templates/source.ftl, pom_properties.49.html)"
     1,    558,   558.00, "FreeMarkerIterationOperation.render(/reports/templates/source.ftl, VerificadorRevogacaoLocal_java.html)"
     1,      0,     0.00, "Query.fromType(org.jboss.windup.reporting.model.TechnologyTagModel).gremlin().has(name,EQUALS,0MQ Client).as(default)"
     1,     59,    59.00, "FreeMarkerIterationOperation.render(/reports/templates/source.ftl, MANIFEST_MF.17.html)"
     1,      2,     2.00, "Query.fromType(org.jboss.windup.rules.apps.java.model.JarArchiveModel).gremlin().has(fileName,REGEX,.*jbosscache.*\.jar$).as(default)"
     1,      0,     0.00, "Query.fromType(org.jboss.windup.reporting.model.TechnologyTagModel).gremlin().has(name,EQUALS,HttpUnit).as(default)"
     1,     48,    48.00, "FreeMarkerIterationOperation.render(/reports/templates/source.ftl, MANIFEST_MF.65.html)"
     1,      3,     3.00, "Query.fromType(org.jboss.windup.rules.apps.java.model.JarArchiveModel).gremlin().has(fileName,REGEX,.*dynacache.*\.jar$).as(default)"
     1,      0,     0.00, "Query.fromType(org.jboss.windup.reporting.model.TechnologyTagModel).gremlin().has(name,EQUALS,Spring Security).as(default)"
     1,     73,    73.00, "FreeMarkerIterationOperation.render(/reports/templates/source.ftl, SelectNode_java.html)"
     1,      0,     0.00, "Query.fromType(org.jboss.windup.reporting.model.TechnologyTagModel).gremlin().has(name,EQUALS,Micrometer).as(default)"
     1,     79,    79.00, "FreeMarkerIterationOperation.render(/reports/templates/source.ftl, ClientHttp_java.html)"
     1,     79,    79.00, "FreeMarkerIterationOperation.render(/reports/templates/source.ftl, Outorgantes_java.html)"
     1,     46,    46.00, "FreeMarkerIterationOperation.render(/reports/templates/source.ftl, MANIFEST_MF.68.html)"
     1,    555,   555.00, "FreeMarkerIterationOperation.render(/reports/templates/source.ftl, FileUtil_java.12.html)"
     1,      3,     3.00, "Query.fromType(org.jboss.windup.graph.model.resource.FileModel).gremlin().has(isDirectory,EQUALS,false).has(filePath,REGEX,.+\.\b(|zip|rar|sar|ear|war|jar)\b$).as(default)"
     1,     57,    57.00, "FreeMarkerIterationOperation.render(/reports/templates/source.ftl, pom_properties.48.html)"
     1,      0,     0.00, "Query.fromType(org.jboss.windup.reporting.model.TechnologyTagModel).gremlin().has(name,EQUALS,AspectJ).as(default)"
     1,      0,     0.00, "Query.fromType(org.jboss.windup.reporting.model.TechnologyTagModel).gremlin().has(name,EQUALS,Velocity).as(default)"
     1,      0,     0.00, "Query.fromType(org.jboss.windup.reporting.model.TechnologyTagModel).gremlin().has(name,EQUALS,WebSphere WS Binding).as(default)"
     1,     80,    80.00, "FreeMarkerIterationOperation.render(/reports/templates/source.ftl, pom_properties.51.html)"
     1,      0,     0.00, "Query.fromType(org.jboss.windup.reporting.model.TechnologyTagModel).gremlin().has(name,EQUALS,Guava Testing).as(default)"
     1,      0,     0.00, "Query.fromType(org.jboss.windup.reporting.model.TechnologyTagModel).gremlin().has(name,EQUALS,Ickenham).as(default)"
     1,      0,     0.00, "Query.fromType(org.jboss.windup.reporting.model.TechnologyTagModel).gremlin().has(name,EQUALS,AOP Alliance).as(default)"
     1,      0,     0.00, Query.fromType(org.jboss.windup.graph.model.resource.ReportResourceFileModel).as(default)
     1,      0,     0.00, isFileADirectory
     1,      0,     0.00, "Query.fromType(org.jboss.windup.reporting.model.TechnologyTagModel).gremlin().has(name,EQUALS,Anakia).as(default)"
     2,      0,     0.00, Query.fromType(org.jboss.windup.rules.apps.javaee.model.WebXmlModel).as(default)
   156,     12,     0.08, isTagUnderTag
     1,     48,    48.00, "FreeMarkerIterationOperation.render(/reports/templates/source.ftl, jboss_web_xml.html)"
     1,     69,    69.00, "FreeMarkerIterationOperation.render(/reports/templates/embedded.ftl, tattletale_SUBTIC_Bloq_ear.html)"
     1,      0,     0.00, Query.fromType(org.jboss.windup.rules.apps.javaee.model.EjbEntityBeanModel).as(default)
   234,     55,     0.24, "TypeReferenceService.getPackageUseFrequencies(data,projectModel,nameDepth,recursive)"
     1,      0,     0.00, "Query.gremlin().has(referenceType,CONTAINS_ANY_TOKEN,[IMPORT]).as(29c87d33-8e44-464c-9457-f5a673d572d2)"
     1,      0,     0.00, "Query.fromType(org.jboss.windup.reporting.model.TechnologyTagModel).gremlin().has(name,EQUALS,Oracle Forms).as(default)"
     1,      0,     0.00, "Query.fromType(org.jboss.windup.reporting.model.TechnologyTagModel).gremlin().has(name,EQUALS,Spring Batch).as(default)"
     1,     56,    56.00, "FreeMarkerIterationOperation.render(/reports/templates/source.ftl, AutorizadoTag_java.html)"
    80,    133,     1.66, sortFilesByPathAscending
     1,      0,     0.00, "Query.fromType(org.jboss.windup.reporting.model.TechnologyTagModel).gremlin().has(name,EQUALS,Spring Boot Flo).as(default)"
     1,      3,     3.00, "Query.fromType(org.jboss.windup.rules.apps.java.model.JarArchiveModel).gremlin().has(fileName,REGEX,.*ehcache.*\.jar$).as(default)"
     1,      0,     0.00, "Query.fromType(org.jboss.windup.reporting.model.TechnologyTagModel).gremlin().has(name,EQUALS,JSecurity).as(default)"
     1,     25,    25.00, "FreeMarkerIterationOperation.render(/reports/templates/source.ftl, pom_properties.47.html)"
     1,     13,    13.00, "Query.fromType(org.jboss.windup.reporting.model.ReportModel).gremlin().has(templateType,EQUALS,FREEMARKER).as(default)"
     1,     69,    69.00, "FreeMarkerIterationOperation.render(/reports/templates/source.ftl, MANIFEST_MF.20.html)"
     1,      0,     0.00, "Query.fromType(org.jboss.windup.reporting.model.TechnologyTagModel).gremlin().has(name,EQUALS,ActiveMQ).as(default)"
  5655,    122,     0.02, GraphService.create
     1,    307,   307.00, "FreeMarkerIterationOperation.render(/reports/templates/source.ftl, messages_mail_properties.html)"
   144,      7,     0.05, projectModelToSha1
     1,      0,     0.00, "Query.fromType(org.jboss.windup.reporting.model.TechnologyTagModel).gremlin().has(name,EQUALS,Seam).as(default)"
     1,     51,    51.00, "FreeMarkerIterationOperation.render(/reports/templates/source.ftl, pom_properties.52.html)"
     1,     47,    47.00, "FreeMarkerIterationOperation.render(/reports/templates/source.ftl, XmlaOlap4jDriver_java.html)"
